[{"model": "contenttypes.contenttype", "pk": 1, "fields": {"app_label": "admin", "model": "logentry"}}, {"model": "contenttypes.contenttype", "pk": 2, "fields": {"app_label": "auth", "model": "permission"}}, {"model": "contenttypes.contenttype", "pk": 3, "fields": {"app_label": "auth", "model": "group"}}, {"model": "contenttypes.contenttype", "pk": 4, "fields": {"app_label": "auth", "model": "user"}}, {"model": "contenttypes.contenttype", "pk": 5, "fields": {"app_label": "contenttypes", "model": "contenttype"}}, {"model": "contenttypes.contenttype", "pk": 6, "fields": {"app_label": "sessions", "model": "session"}}, {"model": "contenttypes.contenttype", "pk": 7, "fields": {"app_label": "registration", "model": "registrationprofile"}}, {"model": "contenttypes.contenttype", "pk": 8, "fields": {"app_label": "registration", "model": "supervisedregistrationprofile"}}, {"model": "contenttypes.contenttype", "pk": 9, "fields": {"app_label": "blog", "model": "favorite"}}, {"model": "contenttypes.contenttype", "pk": 10, "fields": {"app_label": "blog", "model": "comment"}}, {"model": "contenttypes.contenttype", "pk": 11, "fields": {"app_label": "blog", "model": "upload"}}, {"model": "contenttypes.contenttype", "pk": 12, "fields": {"app_label": "blog", "model": "post"}}, {"model": "contenttypes.contenttype", "pk": 13, "fields": {"app_label": "blog", "model": "vote"}}, {"model": "sessions.session", "pk": "9nvfkwqkxwes3cr6epxxtdsztc33n2qs", "fields": {"session_data": "NzIwYjcyNDQ2YjJkMGVmNTEzMmM3NjQ2OTM0YTRhYWViNjIxNjQ5Mzp7Il9hdXRoX3VzZXJfaWQiOiIxIiwiX2F1dGhfdXNlcl9iYWNrZW5kIjoiZGphbmdvLmNvbnRyaWIuYXV0aC5iYWNrZW5kcy5Nb2RlbEJhY2tlbmQiLCJfYXV0aF91c2VyX2hhc2giOiJkYjFiNTQ5NjdiOWIxMzczYmZlMzNiMGVlZThlYThmODdiY2RhYjEwIn0=", "expire_date": "2018-12-13T03:39:14.710Z"}}, {"model": "auth.permission", "pk": 1, "fields": {"name": "Can add log entry", "content_type": 1, "codename": "add_logentry"}}, {"model": "auth.permission", "pk": 2, "fields": {"name": "Can change log entry", "content_type": 1, "codename": "change_logentry"}}, {"model": "auth.permission", "pk": 3, "fields": {"name": "Can delete log entry", "content_type": 1, "codename": "delete_logentry"}}, {"model": "auth.permission", "pk": 4, "fields": {"name": "Can view log entry", "content_type": 1, "codename": "view_logentry"}}, {"model": "auth.permission", "pk": 5, "fields": {"name": "Can add permission", "content_type": 2, "codename": "add_permission"}}, {"model": "auth.permission", "pk": 6, "fields": {"name": "Can change permission", "content_type": 2, "codename": "change_permission"}}, {"model": "auth.permission", "pk": 7, "fields": {"name": "Can delete permission", "content_type": 2, "codename": "delete_permission"}}, {"model": "auth.permission", "pk": 8, "fields": {"name": "Can view permission", "content_type": 2, "codename": "view_permission"}}, {"model": "auth.permission", "pk": 9, "fields": {"name": "Can add group", "content_type": 3, "codename": "add_group"}}, {"model": "auth.permission", "pk": 10, "fields": {"name": "Can change group", "content_type": 3, "codename": "change_group"}}, {"model": "auth.permission", "pk": 11, "fields": {"name": "Can delete group", "content_type": 3, "codename": "delete_group"}}, {"model": "auth.permission", "pk": 12, "fields": {"name": "Can view group", "content_type": 3, "codename": "view_group"}}, {"model": "auth.permission", "pk": 13, "fields": {"name": "Can add user", "content_type": 4, "codename": "add_user"}}, {"model": "auth.permission", "pk": 14, "fields": {"name": "Can change user", "content_type": 4, "codename": "change_user"}}, {"model": "auth.permission", "pk": 15, "fields": {"name": "Can delete user", "content_type": 4, "codename": "delete_user"}}, {"model": "auth.permission", "pk": 16, "fields": {"name": "Can view user", "content_type": 4, "codename": "view_user"}}, {"model": "auth.permission", "pk": 17, "fields": {"name": "Can add content type", "content_type": 5, "codename": "add_contenttype"}}, {"model": "auth.permission", "pk": 18, "fields": {"name": "Can change content type", "content_type": 5, "codename": "change_contenttype"}}, {"model": "auth.permission", "pk": 19, "fields": {"name": "Can delete content type", "content_type": 5, "codename": "delete_contenttype"}}, {"model": "auth.permission", "pk": 20, "fields": {"name": "Can view content type", "content_type": 5, "codename": "view_contenttype"}}, {"model": "auth.permission", "pk": 21, "fields": {"name": "Can add session", "content_type": 6, "codename": "add_session"}}, {"model": "auth.permission", "pk": 22, "fields": {"name": "Can change session", "content_type": 6, "codename": "change_session"}}, {"model": "auth.permission", "pk": 23, "fields": {"name": "Can delete session", "content_type": 6, "codename": "delete_session"}}, {"model": "auth.permission", "pk": 24, "fields": {"name": "Can view session", "content_type": 6, "codename": "view_session"}}, {"model": "auth.permission", "pk": 25, "fields": {"name": "Can add registration profile", "content_type": 7, "codename": "add_registrationprofile"}}, {"model": "auth.permission", "pk": 26, "fields": {"name": "Can change registration profile", "content_type": 7, "codename": "change_registrationprofile"}}, {"model": "auth.permission", "pk": 27, "fields": {"name": "Can delete registration profile", "content_type": 7, "codename": "delete_registrationprofile"}}, {"model": "auth.permission", "pk": 28, "fields": {"name": "Can view registration profile", "content_type": 7, "codename": "view_registrationprofile"}}, {"model": "auth.permission", "pk": 29, "fields": {"name": "Can add supervised registration profile", "content_type": 8, "codename": "add_supervisedregistrationprofile"}}, {"model": "auth.permission", "pk": 30, "fields": {"name": "Can change supervised registration profile", "content_type": 8, "codename": "change_supervisedregistrationprofile"}}, {"model": "auth.permission", "pk": 31, "fields": {"name": "Can delete supervised registration profile", "content_type": 8, "codename": "delete_supervisedregistrationprofile"}}, {"model": "auth.permission", "pk": 32, "fields": {"name": "Can view supervised registration profile", "content_type": 8, "codename": "view_supervisedregistrationprofile"}}, {"model": "auth.permission", "pk": 33, "fields": {"name": "Can add favorite", "content_type": 9, "codename": "add_favorite"}}, {"model": "auth.permission", "pk": 34, "fields": {"name": "Can change favorite", "content_type": 9, "codename": "change_favorite"}}, {"model": "auth.permission", "pk": 35, "fields": {"name": "Can delete favorite", "content_type": 9, "codename": "delete_favorite"}}, {"model": "auth.permission", "pk": 36, "fields": {"name": "Can view favorite", "content_type": 9, "codename": "view_favorite"}}, {"model": "auth.permission", "pk": 37, "fields": {"name": "Can add comment", "content_type": 10, "codename": "add_comment"}}, {"model": "auth.permission", "pk": 38, "fields": {"name": "Can change comment", "content_type": 10, "codename": "change_comment"}}, {"model": "auth.permission", "pk": 39, "fields": {"name": "Can delete comment", "content_type": 10, "codename": "delete_comment"}}, {"model": "auth.permission", "pk": 40, "fields": {"name": "Can view comment", "content_type": 10, "codename": "view_comment"}}, {"model": "auth.permission", "pk": 41, "fields": {"name": "Can add upload", "content_type": 11, "codename": "add_upload"}}, {"model": "auth.permission", "pk": 42, "fields": {"name": "Can change upload", "content_type": 11, "codename": "change_upload"}}, {"model": "auth.permission", "pk": 43, "fields": {"name": "Can delete upload", "content_type": 11, "codename": "delete_upload"}}, {"model": "auth.permission", "pk": 44, "fields": {"name": "Can view upload", "content_type": 11, "codename": "view_upload"}}, {"model": "auth.permission", "pk": 45, "fields": {"name": "Can add post", "content_type": 12, "codename": "add_post"}}, {"model": "auth.permission", "pk": 46, "fields": {"name": "Can change post", "content_type": 12, "codename": "change_post"}}, {"model": "auth.permission", "pk": 47, "fields": {"name": "Can delete post", "content_type": 12, "codename": "delete_post"}}, {"model": "auth.permission", "pk": 48, "fields": {"name": "Can view post", "content_type": 12, "codename": "view_post"}}, {"model": "auth.permission", "pk": 49, "fields": {"name": "Can add vote", "content_type": 13, "codename": "add_vote"}}, {"model": "auth.permission", "pk": 50, "fields": {"name": "Can change vote", "content_type": 13, "codename": "change_vote"}}, {"model": "auth.permission", "pk": 51, "fields": {"name": "Can delete vote", "content_type": 13, "codename": "delete_vote"}}, {"model": "auth.permission", "pk": 52, "fields": {"name": "Can view vote", "content_type": 13, "codename": "view_vote"}}, {"model": "auth.group", "pk": 1, "fields": {"name": "Admin Privilages", "permissions": [1, 2, 3, 4, 9, 10, 11, 12, 5, 6, 7, 8, 13, 14, 15, 16, 37, 38, 39, 40, 33, 34, 35, 36, 45, 46, 47, 48, 41, 42, 43, 44, 49, 50, 51, 52, 17, 18, 19, 20, 25, 26, 27, 28, 29, 30, 31, 32, 21, 22, 23, 24]}}, {"model": "auth.group", "pk": 2, "fields": {"name": "View Only", "permissions": [40, 36, 48, 44, 52]}}, {"model": "auth.user", "pk": 1, "fields": {"password": "pbkdf2_sha256$120000$8x7iaJbqTiYB$OVNWjP58MluLUwCPSm/MmFeyP+ZbWBMX+awltNDB4PI=", "last_login": "2018-11-29T03:39:14.525Z", "is_superuser": true, "username": "admin", "first_name": "", "last_name": "", "email": "seanhoude@gmail.com", "is_staff": true, "is_active": true, "date_joined": "2018-11-28T03:34:28.848Z", "groups": [], "user_permissions": []}}, {"model": "auth.user", "pk": 445, "fields": {"password": "pbkdf2_sha256$120000$HUpc6RJm02vO$t+NqUiOJZy17KgBim7ZQETqLSh5SuJLnNj1qzawHr0Y=", "last_login": null, "is_superuser": false, "username": "sara-jackson", "first_name": "", "last_name": "", "email": "wgallagher@floyd-herrera.biz", "is_staff": false, "is_active": true, "date_joined": "2018-11-30T02:12:07.462Z", "groups": [], "user_permissions": []}}, {"model": "auth.user", "pk": 446, "fields": {"password": "pbkdf2_sha256$120000$udEiGfGcxNiM$FUQY48oADfD1PE/WiibyZqaqxUytwtHK7SjDUkW2AQQ=", "last_login": null, "is_superuser": false, "username": "ashley-robertson", "first_name": "", "last_name": "", "email": "blankenshipchristopher@gmail.com", "is_staff": false, "is_active": true, "date_joined": "2018-11-30T02:12:07.766Z", "groups": [], "user_permissions": []}}, {"model": "auth.user", "pk": 447, "fields": {"password": "pbkdf2_sha256$120000$jg2Q6u8ranPq$gGiNB2eDsmUgRV4ZDp/XQCNh7PEupFTlCdc172DZlnI=", "last_login": null, "is_superuser": false, "username": "john-forbes", "first_name": "", "last_name": "", "email": "hawkinstodd@hotmail.com", "is_staff": false, "is_active": true, "date_joined": "2018-11-30T02:12:08.065Z", "groups": [], "user_permissions": []}}, {"model": "auth.user", "pk": 448, "fields": {"password": "pbkdf2_sha256$120000$QOTZovpvXVYa$fMbogUFPUpEnhSB+NQdSf9iOMMJGfUtBX3rRxsE3b+Q=", "last_login": null, "is_superuser": false, "username": "chad-contreras", "first_name": "", "last_name": "", "email": "boyercrystal@perez.com", "is_staff": false, "is_active": true, "date_joined": "2018-11-30T02:12:08.405Z", "groups": [], "user_permissions": []}}, {"model": "auth.user", "pk": 449, "fields": {"password": "pbkdf2_sha256$120000$PIff0NcdEcSE$jmk57+kTDq6B8Aj+289RyNUDkGzs/jKkb9cTT9aMY1c=", "last_login": null, "is_superuser": false, "username": "christopher-baker", "first_name": "", "last_name": "", "email": "blackmatthew@yahoo.com", "is_staff": false, "is_active": true, "date_joined": "2018-11-30T02:12:08.768Z", "groups": [], "user_permissions": []}}, {"model": "auth.user", "pk": 450, "fields": {"password": "pbkdf2_sha256$120000$W9MXlHMtpUSV$et1WIqZAOcp8Or8U3VIn6iGnRk7e/dkGFtA6znDZwOw=", "last_login": null, "is_superuser": false, "username": "tiffany-jacobs", "first_name": "", "last_name": "", "email": "patricia01@gmail.com", "is_staff": false, "is_active": true, "date_joined": "2018-11-30T02:12:09.060Z", "groups": [], "user_permissions": []}}, {"model": "auth.user", "pk": 451, "fields": {"password": "pbkdf2_sha256$120000$S4JEibyMCtWC$mvX7lPZeXIZO9od0SNWBt+lKd52yNCzvj3zFkzbtncU=", "last_login": null, "is_superuser": false, "username": "shari-meyer", "first_name": "", "last_name": "", "email": "james19@boyd.net", "is_staff": false, "is_active": true, "date_joined": "2018-11-30T02:12:09.386Z", "groups": [], "user_permissions": []}}, {"model": "auth.user", "pk": 452, "fields": {"password": "pbkdf2_sha256$120000$wszyDA7DCXzt$qpOFeOg8WNrPwDrmGCx4SKYwsI1fVdCDMtwysYL4wv4=", "last_login": null, "is_superuser": false, "username": "paul-brown", "first_name": "", "last_name": "", "email": "elizabethmiller@yahoo.com", "is_staff": false, "is_active": true, "date_joined": "2018-11-30T02:12:09.707Z", "groups": [], "user_permissions": []}}, {"model": "auth.user", "pk": 453, "fields": {"password": "pbkdf2_sha256$120000$TSTTPgIbqxWF$ZknPI6c4FKOHbPnIXFXtd9mu4uVlzKuk8X8QqcE1B/Q=", "last_login": null, "is_superuser": false, "username": "jennifer-watkins", "first_name": "", "last_name": "", "email": "grahamruth@ibarra-townsend.org", "is_staff": false, "is_active": true, "date_joined": "2018-11-30T02:12:10.070Z", "groups": [], "user_permissions": []}}, {"model": "auth.user", "pk": 454, "fields": {"password": "pbkdf2_sha256$120000$nnHBQ9hXUkcp$CSD8odqmiN2L8ZvIfDu8/9v5zhsIDHVoTAqMaJkVURI=", "last_login": null, "is_superuser": false, "username": "whitney-sanchez", "first_name": "", "last_name": "", "email": "yvonnereed@gmail.com", "is_staff": false, "is_active": true, "date_joined": "2018-11-30T02:12:10.376Z", "groups": [], "user_permissions": []}}, {"model": "auth.user", "pk": 455, "fields": {"password": "pbkdf2_sha256$120000$wWt60fwxItMF$bBYl0KTfw9qxj8Kdd6jjA2wPRgolpf2O0db53Wo+dz4=", "last_login": null, "is_superuser": false, "username": "jason-marquez", "first_name": "", "last_name": "", "email": "pwalker@yahoo.com", "is_staff": false, "is_active": true, "date_joined": "2018-11-30T02:12:10.819Z", "groups": [], "user_permissions": []}}, {"model": "auth.user", "pk": 456, "fields": {"password": "pbkdf2_sha256$120000$ktTwOwUA5mA7$xhKOqOeGTS0wVvev1amCHEvrYroeh+YVMHw2icgDfGY=", "last_login": null, "is_superuser": false, "username": "catherine-hurley", "first_name": "", "last_name": "", "email": "yrogers@deleon.com", "is_staff": false, "is_active": true, "date_joined": "2018-11-30T02:12:11.212Z", "groups": [], "user_permissions": []}}, {"model": "auth.user", "pk": 457, "fields": {"password": "pbkdf2_sha256$120000$WzrlQyb9XBEm$pmTEMRqzCIpS51aWtGZO+4oGSQgOCHRqIFGPoJkWw8k=", "last_login": null, "is_superuser": false, "username": "margaret-wade", "first_name": "", "last_name": "", "email": "jonesnicole@yahoo.com", "is_staff": false, "is_active": true, "date_joined": "2018-11-30T02:12:11.534Z", "groups": [], "user_permissions": []}}, {"model": "auth.user", "pk": 458, "fields": {"password": "pbkdf2_sha256$120000$G5wj7nFTOOBz$s2rCv/3mnyh6elFunUt0IXO/j0Of82kMsSteAKWl4gc=", "last_login": null, "is_superuser": false, "username": "michael-holloway", "first_name": "", "last_name": "", "email": "fernandezpatrick@hotmail.com", "is_staff": false, "is_active": true, "date_joined": "2018-11-30T02:12:11.881Z", "groups": [], "user_permissions": []}}, {"model": "auth.user", "pk": 459, "fields": {"password": "pbkdf2_sha256$120000$l8nhlM22F0O7$wDkUcLRt+/dh97ec2/oFJCFP01xKrCUgpalKDG0DxEk=", "last_login": null, "is_superuser": false, "username": "brianna-johnson", "first_name": "", "last_name": "", "email": "gregory57@brown.biz", "is_staff": false, "is_active": true, "date_joined": "2018-11-30T02:12:12.195Z", "groups": [], "user_permissions": []}}, {"model": "auth.user", "pk": 460, "fields": {"password": "pbkdf2_sha256$120000$QO0XsPY1PkfY$JX0dyVfCDsfeC7n8BkdMdAEN97bkoKdDrFYVOwOKd5Y=", "last_login": null, "is_superuser": false, "username": "brittany-brennan", "first_name": "", "last_name": "", "email": "icastro@perez-davenport.biz", "is_staff": false, "is_active": true, "date_joined": "2018-11-30T02:12:12.526Z", "groups": [], "user_permissions": []}}, {"model": "auth.user", "pk": 461, "fields": {"password": "pbkdf2_sha256$120000$xl1MJnc4D2yn$HDh7pRJGsckOjgKzUNJXs2ShVG72IYByjj9zQ3zHa+Q=", "last_login": null, "is_superuser": false, "username": "christopher-ferguson", "first_name": "", "last_name": "", "email": "qibarra@young.info", "is_staff": false, "is_active": true, "date_joined": "2018-11-30T02:12:12.969Z", "groups": [], "user_permissions": []}}, {"model": "auth.user", "pk": 462, "fields": {"password": "pbkdf2_sha256$120000$MWDcDx3TT1Kn$rgD+sXHQd2wQt3RqdiO6UU4pWowmWFFAQp5GZ+MCGLk=", "last_login": null, "is_superuser": false, "username": "jody-moran", "first_name": "", "last_name": "", "email": "cooperpatrick@gmail.com", "is_staff": false, "is_active": true, "date_joined": "2018-11-30T02:12:13.374Z", "groups": [], "user_permissions": []}}, {"model": "auth.user", "pk": 463, "fields": {"password": "pbkdf2_sha256$120000$UFbfTpwDEJSq$Fl8y+c4EYBMdi2kFIWSG3iwRg42apv6lDbSaWCJDyKg=", "last_login": null, "is_superuser": false, "username": "mark-boyd", "first_name": "", "last_name": "", "email": "benjaminacevedo@gmail.com", "is_staff": false, "is_active": true, "date_joined": "2018-11-30T02:12:13.686Z", "groups": [], "user_permissions": []}}, {"model": "auth.user", "pk": 464, "fields": {"password": "pbkdf2_sha256$120000$qf2ygsT39Bz7$o9lSe1FxkQriH3LNjuXePwB698/hj2NimY1X/2D1dmw=", "last_login": null, "is_superuser": false, "username": "andrea-franco", "first_name": "", "last_name": "", "email": "stephenmurray@yahoo.com", "is_staff": false, "is_active": true, "date_joined": "2018-11-30T02:12:13.996Z", "groups": [], "user_permissions": []}}, {"model": "auth.user", "pk": 465, "fields": {"password": "pbkdf2_sha256$120000$Xq6pQJtT8WPo$01TZguiOgNlhnnEXxw1t/CajBOfgibHmPQd2k+6Gdew=", "last_login": null, "is_superuser": false, "username": "tamara-fisher", "first_name": "", "last_name": "", "email": "dennissydney@smith.com", "is_staff": false, "is_active": true, "date_joined": "2018-11-30T02:12:14.291Z", "groups": [], "user_permissions": []}}, {"model": "auth.user", "pk": 466, "fields": {"password": "pbkdf2_sha256$120000$PtqRiOjBmtma$PaNqhWj9YjPDBcRttPoy7+UVoFIMh/qR9UTdAUy18Xs=", "last_login": null, "is_superuser": false, "username": "natalie-gates", "first_name": "", "last_name": "", "email": "nguyenronald@wells-gardner.info", "is_staff": false, "is_active": true, "date_joined": "2018-11-30T02:12:14.586Z", "groups": [], "user_permissions": []}}, {"model": "auth.user", "pk": 467, "fields": {"password": "pbkdf2_sha256$120000$aeWPPNTZAMV2$CDhOlx/rO8W27Bis3If6IQFHqR7agUDKmteoDiz3g/I=", "last_login": null, "is_superuser": false, "username": "alexander-garrett", "first_name": "", "last_name": "", "email": "dcardenas@ortiz.org", "is_staff": false, "is_active": true, "date_joined": "2018-11-30T02:12:14.995Z", "groups": [], "user_permissions": []}}, {"model": "auth.user", "pk": 468, "fields": {"password": "pbkdf2_sha256$120000$w2HzGlMs9jOm$j+rcrIUmv17+PYIMKtIv9/bIZIY/77SxRYD/UFaNjC4=", "last_login": null, "is_superuser": false, "username": "ronald-smith", "first_name": "", "last_name": "", "email": "jcross@hotmail.com", "is_staff": false, "is_active": true, "date_joined": "2018-11-30T02:12:15.285Z", "groups": [], "user_permissions": []}}, {"model": "auth.user", "pk": 469, "fields": {"password": "pbkdf2_sha256$120000$4YCVigHwruZ6$DY+dpOXF3Yfac9SpyofBMsUqpHEmcobbqyrfbBeR8a4=", "last_login": null, "is_superuser": false, "username": "kevin-summers", "first_name": "", "last_name": "", "email": "fernandezlaura@yahoo.com", "is_staff": false, "is_active": true, "date_joined": "2018-11-30T02:12:15.576Z", "groups": [], "user_permissions": []}}, {"model": "auth.user", "pk": 470, "fields": {"password": "pbkdf2_sha256$120000$yVRpqXzQsbn8$G4kH/Rbyg1x5jAK2S6BBStspdCENVjkrf3AR/g8faXA=", "last_login": null, "is_superuser": false, "username": "katie-murray", "first_name": "", "last_name": "", "email": "thanna@gmail.com", "is_staff": false, "is_active": true, "date_joined": "2018-11-30T02:12:15.882Z", "groups": [], "user_permissions": []}}, {"model": "auth.user", "pk": 471, "fields": {"password": "pbkdf2_sha256$120000$RWlfgFshxK1r$q0Wap4PH/HNOiLmkmemQXvWZTDtxMo06ujR2n703740=", "last_login": null, "is_superuser": false, "username": "sheila-miller", "first_name": "", "last_name": "", "email": "natalie59@harris.com", "is_staff": false, "is_active": true, "date_joined": "2018-11-30T02:12:16.239Z", "groups": [], "user_permissions": []}}, {"model": "auth.user", "pk": 472, "fields": {"password": "pbkdf2_sha256$120000$qcb4fAOy49wh$Qai5l3et6LKz+S6+d+qg91opbJpGLW1pWG0BR+ggyBc=", "last_login": null, "is_superuser": false, "username": "christian-palmer", "first_name": "", "last_name": "", "email": "allencristina@wilson.com", "is_staff": false, "is_active": true, "date_joined": "2018-11-30T02:12:16.599Z", "groups": [], "user_permissions": []}}, {"model": "auth.user", "pk": 473, "fields": {"password": "pbkdf2_sha256$120000$xqmfkf0Tix31$yZRtXjUgNm6AA9yWAaGSKIqjCfOm5f31WwANtWZDpuA=", "last_login": null, "is_superuser": false, "username": "david-mathis", "first_name": "", "last_name": "", "email": "smitherin@yahoo.com", "is_staff": false, "is_active": true, "date_joined": "2018-11-30T02:12:16.992Z", "groups": [], "user_permissions": []}}, {"model": "auth.user", "pk": 474, "fields": {"password": "pbkdf2_sha256$120000$DmaWGFYZsmDo$YeQMCaMSXPdzr21Wh7c8q4o7JosbjDDo5coYmyF9Ij0=", "last_login": null, "is_superuser": false, "username": "linda-miller", "first_name": "", "last_name": "", "email": "walter62@gmail.com", "is_staff": false, "is_active": true, "date_joined": "2018-11-30T02:12:17.314Z", "groups": [], "user_permissions": []}}, {"model": "auth.user", "pk": 475, "fields": {"password": "pbkdf2_sha256$120000$4h0BM47NrrCj$XNHALOAYKOiYGOi/xChnCo5loeeuTUKCi2cki25pqNo=", "last_login": null, "is_superuser": false, "username": "gabriel-roberts", "first_name": "", "last_name": "", "email": "rita48@hotmail.com", "is_staff": false, "is_active": true, "date_joined": "2018-11-30T02:12:17.712Z", "groups": [], "user_permissions": []}}, {"model": "auth.user", "pk": 476, "fields": {"password": "pbkdf2_sha256$120000$Tihv7Exdl38Y$kcNSL1D6uxD5O7pnvLvSvHTt/6qQiE2CGCe6JL3vlhk=", "last_login": null, "is_superuser": false, "username": "samuel-walsh", "first_name": "", "last_name": "", "email": "wallaceamy@yahoo.com", "is_staff": false, "is_active": true, "date_joined": "2018-11-30T02:12:18.014Z", "groups": [], "user_permissions": []}}, {"model": "auth.user", "pk": 477, "fields": {"password": "pbkdf2_sha256$120000$dIYs7vrlvdPZ$koDKEdUyZ3t3ery6QdMHwNGOvlERa3/AdiokC1Br6kw=", "last_login": null, "is_superuser": false, "username": "brett-baldwin", "first_name": "", "last_name": "", "email": "rali@perez-cox.net", "is_staff": false, "is_active": true, "date_joined": "2018-11-30T02:12:18.339Z", "groups": [], "user_permissions": []}}, {"model": "auth.user", "pk": 478, "fields": {"password": "pbkdf2_sha256$120000$X5iYIYoSrCLz$VedtHP/sc7U9dj8E7fTT2uyxw1nzShZ02aAXfPjw038=", "last_login": null, "is_superuser": false, "username": "dr-paula-johnson", "first_name": "", "last_name": "", "email": "vlewis@yahoo.com", "is_staff": false, "is_active": true, "date_joined": "2018-11-30T02:12:18.645Z", "groups": [], "user_permissions": []}}, {"model": "auth.user", "pk": 479, "fields": {"password": "pbkdf2_sha256$120000$gb0EGopmRcUw$Mz2yI55ucpP+XorApTLzlEd4v/+/XDkvu/EmPN/tGqY=", "last_login": null, "is_superuser": false, "username": "randy-butler", "first_name": "", "last_name": "", "email": "xchavez@peters-curtis.com", "is_staff": false, "is_active": true, "date_joined": "2018-11-30T02:12:18.935Z", "groups": [], "user_permissions": []}}, {"model": "auth.user", "pk": 480, "fields": {"password": "pbkdf2_sha256$120000$fueVXVyIDsOT$W1cpNoXpppoz1wWqdEtJuC7by1JLy7mjWBpYUXHzDS0=", "last_login": null, "is_superuser": false, "username": "diane-hodge", "first_name": "", "last_name": "", "email": "peckjoseph@acevedo-moore.com", "is_staff": false, "is_active": true, "date_joined": "2018-11-30T02:12:19.245Z", "groups": [], "user_permissions": []}}, {"model": "auth.user", "pk": 481, "fields": {"password": "pbkdf2_sha256$120000$6x6M5imML2Eo$LqAOi93lL8POiplp0Vux2joVFbSOLuPCZGsjUaXNFT4=", "last_login": null, "is_superuser": false, "username": "jonathon-armstrong", "first_name": "", "last_name": "", "email": "ksalas@baker.org", "is_staff": false, "is_active": true, "date_joined": "2018-11-30T02:12:19.638Z", "groups": [], "user_permissions": []}}, {"model": "auth.user", "pk": 482, "fields": {"password": "pbkdf2_sha256$120000$9PjM2Pq48wWO$5SLL4Uw1d3cHV/lNiGxrICh3OaFtGeeXa698HxW2t7c=", "last_login": null, "is_superuser": false, "username": "thomas-snyder", "first_name": "", "last_name": "", "email": "gwalker@hotmail.com", "is_staff": false, "is_active": true, "date_joined": "2018-11-30T02:12:19.943Z", "groups": [], "user_permissions": []}}, {"model": "auth.user", "pk": 483, "fields": {"password": "pbkdf2_sha256$120000$A73jmProskFT$4U6szQwk4uHKqptQFDZiKvrNQaIVOaVDiiIC+jv9KSo=", "last_login": null, "is_superuser": false, "username": "jonathan-hunt", "first_name": "", "last_name": "", "email": "garrett50@gmail.com", "is_staff": false, "is_active": true, "date_joined": "2018-11-30T02:12:20.260Z", "groups": [], "user_permissions": []}}, {"model": "auth.user", "pk": 484, "fields": {"password": "pbkdf2_sha256$120000$WzqqrXbWOuFm$sXpF0GazLrVMClYKqRJwnzrod/mPTDiB48UbjIHh3j0=", "last_login": null, "is_superuser": false, "username": "michael-patrick", "first_name": "", "last_name": "", "email": "luisstout@gmail.com", "is_staff": false, "is_active": true, "date_joined": "2018-11-30T02:12:20.564Z", "groups": [], "user_permissions": []}}, {"model": "auth.user", "pk": 485, "fields": {"password": "pbkdf2_sha256$120000$cWVakb3moPHT$sGjvyHNt/6j5w3H5nfc+S9oWvQ+vEvC+K0/Cp8Ry78c=", "last_login": null, "is_superuser": false, "username": "deborah-may", "first_name": "", "last_name": "", "email": "ericahowe@hotmail.com", "is_staff": false, "is_active": true, "date_joined": "2018-11-30T02:12:20.897Z", "groups": [], "user_permissions": []}}, {"model": "auth.user", "pk": 486, "fields": {"password": "pbkdf2_sha256$120000$RsRTKoUyCej7$qyYQyX1+d79M62ulwLCf1u9oXgoWe+jRQucY/QUb9+k=", "last_login": null, "is_superuser": false, "username": "susan-nelson", "first_name": "", "last_name": "", "email": "armstrongmegan@gmail.com", "is_staff": false, "is_active": true, "date_joined": "2018-11-30T02:12:21.203Z", "groups": [], "user_permissions": []}}, {"model": "auth.user", "pk": 487, "fields": {"password": "pbkdf2_sha256$120000$jkl7UlO4hXV7$FEDJwVhIx6wmOs3Zy+oyc8aRrSQKPApWdqNQBEe5cuk=", "last_login": null, "is_superuser": false, "username": "timothy-williams", "first_name": "", "last_name": "", "email": "carriehale@kemp-smith.org", "is_staff": false, "is_active": true, "date_joined": "2018-11-30T02:12:21.523Z", "groups": [], "user_permissions": []}}, {"model": "auth.user", "pk": 488, "fields": {"password": "pbkdf2_sha256$120000$9XVUvwAWTg1Z$GHe+5MYT3yCb3jp5WMijm0AYrov1qJ3bWz4sUlHU+CE=", "last_login": null, "is_superuser": false, "username": "judith-burke", "first_name": "", "last_name": "", "email": "kaylajohnson@hotmail.com", "is_staff": false, "is_active": true, "date_joined": "2018-11-30T02:12:21.823Z", "groups": [], "user_permissions": []}}, {"model": "auth.user", "pk": 489, "fields": {"password": "pbkdf2_sha256$120000$Q5q2yH0Rix14$NCHSpbXUMdsHwiNCHXfyrys5RUKw67HK4RlM35KwdQo=", "last_login": null, "is_superuser": false, "username": "robert-phillips", "first_name": "", "last_name": "", "email": "janetsmith@hodge.com", "is_staff": false, "is_active": true, "date_joined": "2018-11-30T02:12:22.131Z", "groups": [], "user_permissions": []}}, {"model": "auth.user", "pk": 490, "fields": {"password": "pbkdf2_sha256$120000$UwvFBWHeSQYX$tjPRfoq/eV1qyBKzTjEy4tN7kKJOgDMZFAnGuSNmldY=", "last_login": null, "is_superuser": false, "username": "terry-gray", "first_name": "", "last_name": "", "email": "georgefritz@hotmail.com", "is_staff": false, "is_active": true, "date_joined": "2018-11-30T02:12:22.448Z", "groups": [], "user_permissions": []}}, {"model": "auth.user", "pk": 491, "fields": {"password": "pbkdf2_sha256$120000$az0hJzV2Kdnv$u+iQHVMs02yWtTDttVM2EKEJSPOLsJzy9aWootORBug=", "last_login": null, "is_superuser": false, "username": "samantha-oneal", "first_name": "", "last_name": "", "email": "hebertchloe@sullivan.com", "is_staff": false, "is_active": true, "date_joined": "2018-11-30T02:12:22.750Z", "groups": [], "user_permissions": []}}, {"model": "auth.user", "pk": 492, "fields": {"password": "pbkdf2_sha256$120000$7ZNWBz88gQjQ$9c5QYku0vFzeSTjvZpHHdQ9990NNvHAwfY/uHRT2tMA=", "last_login": null, "is_superuser": false, "username": "kevin-ramirez", "first_name": "", "last_name": "", "email": "gilbertjessica@cole.com", "is_staff": false, "is_active": true, "date_joined": "2018-11-30T02:12:23.063Z", "groups": [], "user_permissions": []}}, {"model": "auth.user", "pk": 493, "fields": {"password": "pbkdf2_sha256$120000$oRC6jRJhX1g1$GvH3UhPvkBw8/ugoxkr/pY65VAaaiqOEgByeYvZD9Rg=", "last_login": null, "is_superuser": false, "username": "shane-patterson", "first_name": "", "last_name": "", "email": "andrewmelton@yahoo.com", "is_staff": false, "is_active": true, "date_joined": "2018-11-30T02:12:23.516Z", "groups": [], "user_permissions": []}}, {"model": "auth.user", "pk": 494, "fields": {"password": "pbkdf2_sha256$120000$Pt3lQykULco3$jdFemuHpicuGdjd+91gB6LKH3YX2CHkN8ho+vJ/UawQ=", "last_login": null, "is_superuser": false, "username": "meghan-steele", "first_name": "", "last_name": "", "email": "wallen@yahoo.com", "is_staff": false, "is_active": true, "date_joined": "2018-11-30T02:12:23.848Z", "groups": [], "user_permissions": []}}, {"model": "auth.user", "pk": 495, "fields": {"password": "pbkdf2_sha256$120000$cKu1Ixg9Q7HG$gd9HVRSJyfOfPO5dd2A85gbgWyPhaaYxlSfNBRu5BeU=", "last_login": null, "is_superuser": false, "username": "john-pitts", "first_name": "", "last_name": "", "email": "ericacarter@garcia.com", "is_staff": false, "is_active": true, "date_joined": "2018-11-30T02:12:24.203Z", "groups": [], "user_permissions": []}}, {"model": "blog.post", "pk": 122, "fields": {"created": "2018-11-30T02:12:24.628Z", "updated": "2018-11-30T02:12:24.628Z", "title": "Thousand occur management crime street service big ask.", "description": "Myself heavy instead boy bill method. Man goal rather detail Democrat. First simply business chair though wait.", "slug": "thousand-occur-management-crime-street-service-big-ask", "image": "", "user": 481}}, {"model": "blog.post", "pk": 123, "fields": {"created": "2018-11-30T02:12:24.810Z", "updated": "2018-11-30T02:12:24.810Z", "title": "Can director available may lead kind.", "description": "Great similar all speech catch enter. Guess include economy memory book offer answer arrive.\nWork order never through. Cold will foot drug newspaper share.", "slug": "can-director-available-may-lead-kind", "image": "", "user": 445}}, {"model": "blog.post", "pk": 124, "fields": {"created": "2018-11-30T02:12:25.062Z", "updated": "2018-11-30T02:12:25.062Z", "title": "Away front hospital one subject blood.", "description": "My air himself guy old fly movement really. Audience past brother heart maintain green.\nCard address choice agent. Certainly catch sense why when.\nUse strong material. Field woman through seek.", "slug": "away-front-hospital-one-subject-blood", "image": "", "user": 490}}, {"model": "blog.post", "pk": 125, "fields": {"created": "2018-11-30T02:12:25.242Z", "updated": "2018-11-30T02:12:25.243Z", "title": "Fine education most ok speak realize.", "description": "Trial commercial out fill feeling after book. Center per item piece trouble throw executive.\nApply material with. Future speech three. Left hear notice reduce minute. Good wife chance whole they.", "slug": "fine-education-most-ok-speak-realize", "image": "", "user": 470}}, {"model": "blog.post", "pk": 126, "fields": {"created": "2018-11-30T02:12:25.371Z", "updated": "2018-11-30T02:12:25.371Z", "title": "Tend charge daughter address.", "description": "Industry laugh today create. Town spend sign whom fine manage respond.\nStyle south collection process. Maybe around American finally quite produce morning prevent. Foot cold station article.", "slug": "tend-charge-daughter-address", "image": "", "user": 453}}, {"model": "blog.post", "pk": 127, "fields": {"created": "2018-11-30T02:12:25.512Z", "updated": "2018-11-30T02:12:25.512Z", "title": "Need technology of democratic prepare back.", "description": "Popular learn so tough contain. Maintain well always.\nEffort political rich member seem care TV. Military able PM region feel gun line car. Line individual almost cost decade.", "slug": "need-technology-of-democratic-prepare-back", "image": "", "user": 479}}, {"model": "blog.post", "pk": 128, "fields": {"created": "2018-11-30T02:12:25.646Z", "updated": "2018-11-30T02:12:25.646Z", "title": "And may sell director likely seek.", "description": "Century up eight way security capital. Goal agreement table sure may reach. Ok small spring kind decision soon country.\nCan trouble thousand look. Money give trip add during.", "slug": "and-may-sell-director-likely-seek", "image": "", "user": 456}}, {"model": "blog.post", "pk": 129, "fields": {"created": "2018-11-30T02:12:25.755Z", "updated": "2018-11-30T02:12:25.755Z", "title": "Determine land American war view including street.", "description": "Night probably road heart. Word fear foot commercial audience science. Who paper case keep fine.\nLead position hand bag sound behavior.", "slug": "determine-land-american-war-view-including-street", "image": "", "user": 450}}, {"model": "blog.post", "pk": 130, "fields": {"created": "2018-11-30T02:12:25.981Z", "updated": "2018-11-30T02:12:25.981Z", "title": "Traditional push general pressure then anything.", "description": "Big family under number. Wear west apply. Term common PM mission record newspaper try. Believe skill tend.", "slug": "traditional-push-general-pressure-then-anything", "image": "", "user": 472}}, {"model": "blog.post", "pk": 131, "fields": {"created": "2018-11-30T02:12:26.129Z", "updated": "2018-11-30T02:12:26.129Z", "title": "List religious way a Mrs apply market.", "description": "Product ok major light step.\nRegion number personal state western message. Close could although artist. List well identify case method.", "slug": "list-religious-way-a-mrs-apply-market", "image": "", "user": 463}}, {"model": "blog.post", "pk": 132, "fields": {"created": "2018-11-30T02:12:26.260Z", "updated": "2018-11-30T02:12:26.260Z", "title": "Big evidence lot south mouth someone memory.", "description": "Claim how style investment maybe purpose detail. Message simple listen account theory compare name miss.", "slug": "big-evidence-lot-south-mouth-someone-memory", "image": "", "user": 467}}, {"model": "blog.post", "pk": 133, "fields": {"created": "2018-11-30T02:12:26.397Z", "updated": "2018-11-30T02:12:26.397Z", "title": "Lot thank different public policy future.", "description": "None prevent our sound probably read what. None need vote pick growth. Hospital important present defense cause word.", "slug": "lot-thank-different-public-policy-future", "image": "", "user": 478}}, {"model": "blog.post", "pk": 134, "fields": {"created": "2018-11-30T02:12:26.549Z", "updated": "2018-11-30T02:12:26.549Z", "title": "Program before fly news.", "description": "Son hit pass live woman little. Must yes represent assume during movement. High team mouth off.\nHealth film get hope. Government bed himself color this until.", "slug": "program-before-fly-news", "image": "", "user": 450}}, {"model": "blog.post", "pk": 135, "fields": {"created": "2018-11-30T02:12:26.707Z", "updated": "2018-11-30T02:12:26.707Z", "title": "Member must dark evening plan risk where.", "description": "Finally recent my help attack. Relationship environment difference heavy apply family get. Listen field memory score.", "slug": "member-must-dark-evening-plan-risk-where", "image": "", "user": 490}}, {"model": "blog.post", "pk": 136, "fields": {"created": "2018-11-30T02:12:26.952Z", "updated": "2018-11-30T02:12:26.952Z", "title": "Public site return.", "description": "Effect him rather ability hour. Sound bank boy second behavior.\nReceive American reason sing study keep. Drug such somebody get issue course. Value drive share strategy.", "slug": "public-site-return", "image": "", "user": 493}}, {"model": "blog.post", "pk": 137, "fields": {"created": "2018-11-30T02:12:27.101Z", "updated": "2018-11-30T02:12:27.101Z", "title": "Provide size out cost trip commercial deep food.", "description": "Candidate seem part help among really tell. Ok cultural customer develop. Production hit affect take.", "slug": "provide-size-out-cost-trip-commercial-deep-food", "image": "", "user": 476}}, {"model": "blog.post", "pk": 138, "fields": {"created": "2018-11-30T02:12:27.236Z", "updated": "2018-11-30T02:12:27.236Z", "title": "Environment you nice head night population.", "description": "Plan character discussion. Church century artist back. Film material decade especially energy rich. Thank within miss various quite material high.", "slug": "environment-you-nice-head-night-population", "image": "", "user": 454}}, {"model": "blog.post", "pk": 139, "fields": {"created": "2018-11-30T02:12:27.364Z", "updated": "2018-11-30T02:12:27.364Z", "title": "Often drug fine free always.", "description": "Focus performance admit environmental to concern.\nTogether discussion big miss local operation. Offer trial sign seem. Administration bed executive long myself.", "slug": "often-drug-fine-free-always", "image": "", "user": 460}}, {"model": "blog.post", "pk": 140, "fields": {"created": "2018-11-30T02:12:27.495Z", "updated": "2018-11-30T02:12:27.495Z", "title": "Hear institution plan including act.", "description": "Green understand land lay attorney certainly good. Many choose threat democratic establish.", "slug": "hear-institution-plan-including-act", "image": "", "user": 483}}, {"model": "blog.post", "pk": 141, "fields": {"created": "2018-11-30T02:12:27.626Z", "updated": "2018-11-30T02:12:27.627Z", "title": "Everyone less indeed see to thus realize.", "description": "Police site follow share great image site itself. Whole concern director learn employee already program at.", "slug": "everyone-less-indeed-see-to-thus-realize", "image": "", "user": 476}}, {"model": "blog.post", "pk": 142, "fields": {"created": "2018-11-30T02:12:27.801Z", "updated": "2018-11-30T02:12:27.801Z", "title": "Affect stand song standard bar.", "description": "Since health foot account. Prepare first I pressure fire billion.\nMoment important performance form necessary. Sometimes scene staff first statement. Newspaper compare various very everyone.", "slug": "affect-stand-song-standard-bar", "image": "", "user": 486}}, {"model": "blog.post", "pk": 143, "fields": {"created": "2018-11-30T02:12:28.017Z", "updated": "2018-11-30T02:12:28.017Z", "title": "Act one out same heart across mission.", "description": "Never hand care central specific.\nBefore change address. College professor pick important on. Church church development career may radio around.\nThird hot teach agree everyone house. Example if view.", "slug": "act-one-out-same-heart-across-mission", "image": "", "user": 485}}, {"model": "blog.post", "pk": 144, "fields": {"created": "2018-11-30T02:12:28.146Z", "updated": "2018-11-30T02:12:28.146Z", "title": "Claim party itself stay station could pull.", "description": "Stay stand central show than throw. Someone visit government other guy. Prevent begin term production challenge reason.", "slug": "claim-party-itself-stay-station-could-pull", "image": "", "user": 494}}, {"model": "blog.post", "pk": 145, "fields": {"created": "2018-11-30T02:12:28.287Z", "updated": "2018-11-30T02:12:28.287Z", "title": "All kind page run various meeting.", "description": "Say where can will wait meet reality treat. Avoid data loss right. Source must material many citizen hundred wind.\nFact significant eight. Hope street trial speech according after.", "slug": "all-kind-page-run-various-meeting", "image": "", "user": 474}}, {"model": "blog.post", "pk": 146, "fields": {"created": "2018-11-30T02:12:28.409Z", "updated": "2018-11-30T02:12:28.409Z", "title": "Letter mother another full difficult certain impact prevent.", "description": "Theory hold future action fish full along your. Year my issue staff.\nIdentify suffer my current side great pull. Civil do city southern act dream so.", "slug": "letter-mother-another-full-difficult-certain-impact-prevent", "image": "", "user": 475}}, {"model": "blog.post", "pk": 147, "fields": {"created": "2018-11-30T02:12:28.554Z", "updated": "2018-11-30T02:12:28.554Z", "title": "Across close player professional herself want brother drive.", "description": "Risk hand some vote trip. Guy remain newspaper person. Budget southern girl born.\nDescribe man nor. Sure that hit exist. Citizen future side final most.", "slug": "across-close-player-professional-herself-want-brother-drive", "image": "", "user": 461}}, {"model": "blog.post", "pk": 148, "fields": {"created": "2018-11-30T02:12:28.745Z", "updated": "2018-11-30T02:12:28.746Z", "title": "Similar the talk large live serious.", "description": "Professional star outside political maybe process. Investment peace foot performance onto.", "slug": "similar-the-talk-large-live-serious", "image": "", "user": 484}}, {"model": "blog.post", "pk": 149, "fields": {"created": "2018-11-30T02:12:28.951Z", "updated": "2018-11-30T02:12:28.951Z", "title": "Generation raise public itself.", "description": "Ago method control either. Himself road people. Real raise always dog wife.\nOver need marriage stuff send wear drop. Room method your we fine air. Sort action suggest phone.", "slug": "generation-raise-public-itself", "image": "", "user": 465}}, {"model": "blog.post", "pk": 150, "fields": {"created": "2018-11-30T02:12:29.095Z", "updated": "2018-11-30T02:12:29.095Z", "title": "The bit computer develop risk also expert.", "description": "Conference despite if month now. Control mission pay Democrat off action. Enjoy at experience break.\nLot Democrat get site dream because discover beat. Wife attention house prepare.", "slug": "the-bit-computer-develop-risk-also-expert", "image": "", "user": 464}}, {"model": "blog.post", "pk": 151, "fields": {"created": "2018-11-30T02:12:29.228Z", "updated": "2018-11-30T02:12:29.228Z", "title": "Political part program religious defense not anything.", "description": "Ground by lose change.\nRespond hair win source financial bank. Seem financial movie tax space.", "slug": "political-part-program-religious-defense-not-anything", "image": "", "user": 486}}, {"model": "blog.post", "pk": 152, "fields": {"created": "2018-11-30T02:12:29.381Z", "updated": "2018-11-30T02:12:29.381Z", "title": "Factor full experience describe seat instead.", "description": "Main member school he claim same ball. Account study they morning none. Card Mrs well town themselves indeed.", "slug": "factor-full-experience-describe-seat-instead", "image": "", "user": 485}}, {"model": "blog.post", "pk": 153, "fields": {"created": "2018-11-30T02:12:29.546Z", "updated": "2018-11-30T02:12:29.546Z", "title": "Against however goal administration add election smile.", "description": "Tend old admit if. Quickly evidence arrive war word.\nSummer conference easy type community decade. Type image special quite section writer bed.", "slug": "against-however-goal-administration-add-election-smile", "image": "", "user": 492}}, {"model": "blog.post", "pk": 154, "fields": {"created": "2018-11-30T02:12:29.704Z", "updated": "2018-11-30T02:12:29.704Z", "title": "Hear they stand stuff.", "description": "It us study memory sound mention stuff. Art station financial require mission drop where. Moment understand area.", "slug": "hear-they-stand-stuff", "image": "", "user": 445}}, {"model": "blog.post", "pk": 155, "fields": {"created": "2018-11-30T02:12:29.889Z", "updated": "2018-11-30T02:12:29.889Z", "title": "Author yard attack newspaper these visit.", "description": "Southern while seat foot organization. Our effort behind appear know.\nSituation just debate might stop east or. Build too thing sort myself behind else. Term fly natural easy series store.", "slug": "author-yard-attack-newspaper-these-visit", "image": "", "user": 451}}, {"model": "blog.post", "pk": 156, "fields": {"created": "2018-11-30T02:12:30.010Z", "updated": "2018-11-30T02:12:30.010Z", "title": "Goal responsibility threat join fact bar.", "description": "Leg doctor adult sport short worry. Hand leave amount candidate industry action six talk.\nNew base positive indeed seek benefit understand. Significant hospital religious. Present suffer night group.", "slug": "goal-responsibility-threat-join-fact-bar", "image": "", "user": 488}}, {"model": "blog.post", "pk": 157, "fields": {"created": "2018-11-30T02:12:30.129Z", "updated": "2018-11-30T02:12:30.129Z", "title": "Probably stand middle successful drive however next.", "description": "Suddenly media Republican impact coach. Camera economic also her. Center nice able red describe instead computer.\nAdd most everybody main. Campaign wind interest star.", "slug": "probably-stand-middle-successful-drive-however-next", "image": "", "user": 445}}, {"model": "blog.post", "pk": 158, "fields": {"created": "2018-11-30T02:12:30.237Z", "updated": "2018-11-30T02:12:30.237Z", "title": "Reality push through themselves argue difficult this executive.", "description": "And first account.\nHappy exactly full summer year. Operation break single see nation him.\nLocal time professor size a scientist report. Western late my trouble political. Yes such share effort.", "slug": "reality-push-through-themselves-argue-difficult-this-executive", "image": "", "user": 458}}, {"model": "blog.post", "pk": 159, "fields": {"created": "2018-11-30T02:12:30.362Z", "updated": "2018-11-30T02:12:30.363Z", "title": "Could before such huge somebody large southern.", "description": "Amount quite fast newspaper chair price worker. Then have yeah form.\nKnowledge contain similar. Range talk development air son exactly hotel. Article enjoy play house author now worry.", "slug": "could-before-such-huge-somebody-large-southern", "image": "", "user": 492}}, {"model": "blog.post", "pk": 160, "fields": {"created": "2018-11-30T02:12:30.604Z", "updated": "2018-11-30T02:12:30.604Z", "title": "There head rule rock computer join.", "description": "Write issue add fast that dark. Threat girl second health.\nCareer use husband occur develop job standard. Manager reveal suggest tough event author. Might occur attention him.", "slug": "there-head-rule-rock-computer-join", "image": "", "user": 485}}, {"model": "blog.post", "pk": 161, "fields": {"created": "2018-11-30T02:12:30.746Z", "updated": "2018-11-30T02:12:30.746Z", "title": "Shake by table.", "description": "Mission market particularly option different ground turn. Cup save early everybody keep send ball rise. Be old toward quickly consumer home.", "slug": "shake-by-table", "image": "", "user": 462}}, {"model": "blog.post", "pk": 162, "fields": {"created": "2018-11-30T02:12:30.874Z", "updated": "2018-11-30T02:12:30.874Z", "title": "Relate these season scientist.", "description": "Charge turn need stuff.\nEnvironmental first myself then bed event. Health unit result couple. Ten traditional build speak new green rest.", "slug": "relate-these-season-scientist", "image": "", "user": 492}}, {"model": "blog.post", "pk": 163, "fields": {"created": "2018-11-30T02:12:31.028Z", "updated": "2018-11-30T02:12:31.028Z", "title": "Mrs benefit son station word language material.", "description": "Personal minute smile deal affect by. Better wide child television prevent television two.", "slug": "mrs-benefit-son-station-word-language-material", "image": "", "user": 462}}, {"model": "blog.post", "pk": 164, "fields": {"created": "2018-11-30T02:12:31.183Z", "updated": "2018-11-30T02:12:31.183Z", "title": "General despite door them mission across friend.", "description": "Sit follow mention analysis rule. Issue year sit research community ok money.\nWater ever more husband specific everyone. Fall art like occur. There exactly five list board.", "slug": "general-despite-door-them-mission-across-friend", "image": "", "user": 473}}, {"model": "blog.post", "pk": 165, "fields": {"created": "2018-11-30T02:12:31.318Z", "updated": "2018-11-30T02:12:31.318Z", "title": "Consumer want moment choose factor.", "description": "Allow treat trade can soon term suddenly no. Simple factor onto former recently put.\nProduct begin fish look form. Whatever small professional about.\nWalk occur knowledge money.", "slug": "consumer-want-moment-choose-factor", "image": "", "user": 464}}, {"model": "blog.post", "pk": 166, "fields": {"created": "2018-11-30T02:12:31.580Z", "updated": "2018-11-30T02:12:31.580Z", "title": "Change another price enough.", "description": "Wind partner at station short source. Find hear talk turn leave. Consider energy staff probably fact hard either.\nBig phone you to section walk. Trade score middle lay.", "slug": "change-another-price-enough", "image": "", "user": 456}}, {"model": "blog.post", "pk": 167, "fields": {"created": "2018-11-30T02:12:31.759Z", "updated": "2018-11-30T02:12:31.759Z", "title": "Really care draw sure weight.", "description": "Tell statement throughout reality. Choice agreement success develop. Matter past difficult should be late.", "slug": "really-care-draw-sure-weight", "image": "", "user": 446}}, {"model": "blog.post", "pk": 168, "fields": {"created": "2018-11-30T02:12:31.955Z", "updated": "2018-11-30T02:12:31.956Z", "title": "Together ahead they score main.", "description": "Product south usually claim successful week. Possible learn kind resource action fact.\nDoctor agent record strategy. Cut wall alone case family.\nLittle region water.", "slug": "together-ahead-they-score-main", "image": "", "user": 492}}, {"model": "blog.post", "pk": 169, "fields": {"created": "2018-11-30T02:12:32.097Z", "updated": "2018-11-30T02:12:32.097Z", "title": "Major serve style.", "description": "Week population meeting. Become future environmental seem however seem.", "slug": "major-serve-style", "image": "", "user": 492}}, {"model": "blog.post", "pk": 170, "fields": {"created": "2018-11-30T02:12:32.235Z", "updated": "2018-11-30T02:12:32.235Z", "title": "Teach bit day top accept matter agency.", "description": "Draw deal per easy election husband. Practice read quite list much on cut.\nNight speak draw standard past way.\nTwo world several take community law spend. Increase real go yourself.", "slug": "teach-bit-day-top-accept-matter-agency", "image": "", "user": 462}}, {"model": "blog.post", "pk": 171, "fields": {"created": "2018-11-30T02:12:32.433Z", "updated": "2018-11-30T02:12:32.433Z", "title": "Information appear help.", "description": "Station her family positive radio professor sense agent. Suddenly street those beat.\nPut yard arm reach wear Republican education. War if friend order against.", "slug": "information-appear-help", "image": "", "user": 475}}, {"model": "blog.post", "pk": 172, "fields": {"created": "2018-11-30T02:12:32.641Z", "updated": "2018-11-30T02:12:32.641Z", "title": "About teacher technology thank challenge term.", "description": "Move north writer especially democratic. There avoid national view.\nThough close wall ball all former trial. Continue expect physical fund particularly. Job relate hand ball.", "slug": "about-teacher-technology-thank-challenge-term", "image": "", "user": 473}}, {"model": "blog.comment", "pk": 5, "fields": {"created": "2018-11-30T02:12:48.196Z", "updated": "2018-11-30T02:12:48.196Z", "user": 451, "post": 136, "comment": ""}}, {"model": "blog.comment", "pk": 6, "fields": {"created": "2018-11-30T02:12:48.353Z", "updated": "2018-11-30T02:12:48.353Z", "user": 462, "post": 124, "comment": ""}}, {"model": "blog.comment", "pk": 7, "fields": {"created": "2018-11-30T02:12:48.491Z", "updated": "2018-11-30T02:12:48.491Z", "user": 449, "post": 146, "comment": ""}}, {"model": "blog.comment", "pk": 8, "fields": {"created": "2018-11-30T02:12:48.644Z", "updated": "2018-11-30T02:12:48.644Z", "user": 477, "post": 135, "comment": ""}}, {"model": "blog.comment", "pk": 9, "fields": {"created": "2018-11-30T02:12:48.895Z", "updated": "2018-11-30T02:12:48.895Z", "user": 474, "post": 132, "comment": ""}}, {"model": "blog.comment", "pk": 10, "fields": {"created": "2018-11-30T02:12:49.049Z", "updated": "2018-11-30T02:12:49.049Z", "user": 491, "post": 151, "comment": ""}}, {"model": "blog.comment", "pk": 11, "fields": {"created": "2018-11-30T02:12:49.197Z", "updated": "2018-11-30T02:12:49.197Z", "user": 453, "post": 155, "comment": ""}}, {"model": "blog.comment", "pk": 12, "fields": {"created": "2018-11-30T02:12:49.327Z", "updated": "2018-11-30T02:12:49.328Z", "user": 461, "post": 165, "comment": ""}}, {"model": "blog.comment", "pk": 13, "fields": {"created": "2018-11-30T02:12:49.458Z", "updated": "2018-11-30T02:12:49.458Z", "user": 475, "post": 160, "comment": ""}}, {"model": "blog.comment", "pk": 14, "fields": {"created": "2018-11-30T02:12:49.586Z", "updated": "2018-11-30T02:12:49.586Z", "user": 456, "post": 162, "comment": ""}}, {"model": "blog.comment", "pk": 15, "fields": {"created": "2018-11-30T02:12:49.804Z", "updated": "2018-11-30T02:12:49.804Z", "user": 489, "post": 139, "comment": ""}}, {"model": "blog.comment", "pk": 16, "fields": {"created": "2018-11-30T02:12:49.930Z", "updated": "2018-11-30T02:12:49.930Z", "user": 449, "post": 136, "comment": ""}}, {"model": "blog.comment", "pk": 17, "fields": {"created": "2018-11-30T02:12:50.066Z", "updated": "2018-11-30T02:12:50.066Z", "user": 478, "post": 171, "comment": ""}}, {"model": "blog.comment", "pk": 18, "fields": {"created": "2018-11-30T02:12:50.187Z", "updated": "2018-11-30T02:12:50.187Z", "user": 452, "post": 127, "comment": ""}}, {"model": "blog.comment", "pk": 19, "fields": {"created": "2018-11-30T02:12:50.328Z", "updated": "2018-11-30T02:12:50.328Z", "user": 463, "post": 150, "comment": ""}}, {"model": "blog.comment", "pk": 20, "fields": {"created": "2018-11-30T02:12:50.486Z", "updated": "2018-11-30T02:12:50.486Z", "user": 477, "post": 141, "comment": ""}}, {"model": "blog.comment", "pk": 21, "fields": {"created": "2018-11-30T02:12:50.672Z", "updated": "2018-11-30T02:12:50.672Z", "user": 481, "post": 129, "comment": ""}}, {"model": "blog.comment", "pk": 22, "fields": {"created": "2018-11-30T02:12:50.790Z", "updated": "2018-11-30T02:12:50.790Z", "user": 485, "post": 160, "comment": ""}}, {"model": "blog.comment", "pk": 23, "fields": {"created": "2018-11-30T02:12:51.009Z", "updated": "2018-11-30T02:12:51.009Z", "user": 478, "post": 146, "comment": ""}}, {"model": "blog.comment", "pk": 24, "fields": {"created": "2018-11-30T02:12:51.138Z", "updated": "2018-11-30T02:12:51.138Z", "user": 468, "post": 157, "comment": ""}}, {"model": "blog.comment", "pk": 25, "fields": {"created": "2018-11-30T02:12:51.258Z", "updated": "2018-11-30T02:12:51.258Z", "user": 465, "post": 159, "comment": ""}}, {"model": "blog.comment", "pk": 26, "fields": {"created": "2018-11-30T02:12:51.385Z", "updated": "2018-11-30T02:12:51.385Z", "user": 449, "post": 145, "comment": ""}}, {"model": "blog.comment", "pk": 27, "fields": {"created": "2018-11-30T02:12:51.525Z", "updated": "2018-11-30T02:12:51.526Z", "user": 454, "post": 146, "comment": ""}}, {"model": "blog.comment", "pk": 28, "fields": {"created": "2018-11-30T02:12:51.701Z", "updated": "2018-11-30T02:12:51.701Z", "user": 448, "post": 128, "comment": ""}}, {"model": "blog.comment", "pk": 29, "fields": {"created": "2018-11-30T02:12:51.903Z", "updated": "2018-11-30T02:12:51.903Z", "user": 487, "post": 135, "comment": ""}}, {"model": "blog.comment", "pk": 30, "fields": {"created": "2018-11-30T02:12:52.051Z", "updated": "2018-11-30T02:12:52.051Z", "user": 459, "post": 171, "comment": ""}}, {"model": "blog.comment", "pk": 31, "fields": {"created": "2018-11-30T02:12:52.179Z", "updated": "2018-11-30T02:12:52.179Z", "user": 474, "post": 146, "comment": ""}}, {"model": "blog.comment", "pk": 32, "fields": {"created": "2018-11-30T02:12:52.318Z", "updated": "2018-11-30T02:12:52.318Z", "user": 475, "post": 133, "comment": ""}}, {"model": "blog.comment", "pk": 33, "fields": {"created": "2018-11-30T02:12:52.450Z", "updated": "2018-11-30T02:12:52.450Z", "user": 446, "post": 165, "comment": ""}}, {"model": "blog.comment", "pk": 34, "fields": {"created": "2018-11-30T02:12:52.566Z", "updated": "2018-11-30T02:12:52.566Z", "user": 494, "post": 122, "comment": ""}}, {"model": "blog.comment", "pk": 35, "fields": {"created": "2018-11-30T02:12:52.813Z", "updated": "2018-11-30T02:12:52.813Z", "user": 479, "post": 165, "comment": ""}}, {"model": "blog.comment", "pk": 36, "fields": {"created": "2018-11-30T02:12:52.945Z", "updated": "2018-11-30T02:12:52.945Z", "user": 473, "post": 133, "comment": ""}}, {"model": "blog.comment", "pk": 37, "fields": {"created": "2018-11-30T02:12:53.073Z", "updated": "2018-11-30T02:12:53.073Z", "user": 457, "post": 133, "comment": ""}}, {"model": "blog.comment", "pk": 38, "fields": {"created": "2018-11-30T02:12:53.194Z", "updated": "2018-11-30T02:12:53.194Z", "user": 456, "post": 152, "comment": ""}}, {"model": "blog.comment", "pk": 39, "fields": {"created": "2018-11-30T02:12:53.343Z", "updated": "2018-11-30T02:12:53.343Z", "user": 453, "post": 137, "comment": ""}}, {"model": "blog.comment", "pk": 40, "fields": {"created": "2018-11-30T02:12:53.474Z", "updated": "2018-11-30T02:12:53.474Z", "user": 457, "post": 147, "comment": ""}}, {"model": "blog.comment", "pk": 41, "fields": {"created": "2018-11-30T02:12:53.727Z", "updated": "2018-11-30T02:12:53.728Z", "user": 467, "post": 155, "comment": ""}}, {"model": "blog.comment", "pk": 42, "fields": {"created": "2018-11-30T02:12:53.941Z", "updated": "2018-11-30T02:12:53.941Z", "user": 481, "post": 156, "comment": ""}}, {"model": "blog.comment", "pk": 43, "fields": {"created": "2018-11-30T02:12:54.086Z", "updated": "2018-11-30T02:12:54.087Z", "user": 450, "post": 129, "comment": ""}}, {"model": "blog.comment", "pk": 44, "fields": {"created": "2018-11-30T02:12:54.232Z", "updated": "2018-11-30T02:12:54.232Z", "user": 459, "post": 162, "comment": ""}}, {"model": "blog.comment", "pk": 45, "fields": {"created": "2018-11-30T02:12:54.482Z", "updated": "2018-11-30T02:12:54.482Z", "user": 491, "post": 129, "comment": ""}}, {"model": "blog.comment", "pk": 46, "fields": {"created": "2018-11-30T02:12:54.676Z", "updated": "2018-11-30T02:12:54.676Z", "user": 476, "post": 145, "comment": ""}}, {"model": "blog.comment", "pk": 47, "fields": {"created": "2018-11-30T02:12:54.812Z", "updated": "2018-11-30T02:12:54.812Z", "user": 455, "post": 162, "comment": ""}}, {"model": "blog.comment", "pk": 48, "fields": {"created": "2018-11-30T02:12:54.923Z", "updated": "2018-11-30T02:12:54.923Z", "user": 472, "post": 132, "comment": ""}}, {"model": "blog.comment", "pk": 49, "fields": {"created": "2018-11-30T02:12:55.085Z", "updated": "2018-11-30T02:12:55.085Z", "user": 473, "post": 137, "comment": ""}}, {"model": "blog.comment", "pk": 50, "fields": {"created": "2018-11-30T02:12:55.276Z", "updated": "2018-11-30T02:12:55.276Z", "user": 482, "post": 131, "comment": ""}}, {"model": "blog.comment", "pk": 51, "fields": {"created": "2018-11-30T02:12:55.407Z", "updated": "2018-11-30T02:12:55.407Z", "user": 483, "post": 141, "comment": ""}}, {"model": "blog.comment", "pk": 52, "fields": {"created": "2018-11-30T02:12:55.659Z", "updated": "2018-11-30T02:12:55.659Z", "user": 467, "post": 129, "comment": ""}}, {"model": "blog.comment", "pk": 53, "fields": {"created": "2018-11-30T02:12:55.806Z", "updated": "2018-11-30T02:12:55.806Z", "user": 445, "post": 167, "comment": ""}}, {"model": "blog.comment", "pk": 54, "fields": {"created": "2018-11-30T02:12:55.926Z", "updated": "2018-11-30T02:12:55.926Z", "user": 461, "post": 122, "comment": ""}}, {"model": "blog.comment", "pk": 55, "fields": {"created": "2018-11-30T02:12:56.110Z", "updated": "2018-11-30T02:12:56.110Z", "user": 467, "post": 133, "comment": ""}}, {"model": "blog.comment", "pk": 56, "fields": {"created": "2018-11-30T02:12:56.277Z", "updated": "2018-11-30T02:12:56.277Z", "user": 485, "post": 133, "comment": ""}}, {"model": "blog.comment", "pk": 57, "fields": {"created": "2018-11-30T02:12:56.417Z", "updated": "2018-11-30T02:12:56.417Z", "user": 452, "post": 130, "comment": ""}}, {"model": "blog.comment", "pk": 58, "fields": {"created": "2018-11-30T02:12:56.712Z", "updated": "2018-11-30T02:12:56.712Z", "user": 491, "post": 134, "comment": ""}}, {"model": "blog.comment", "pk": 59, "fields": {"created": "2018-11-30T02:12:56.852Z", "updated": "2018-11-30T02:12:56.852Z", "user": 456, "post": 160, "comment": ""}}, {"model": "blog.comment", "pk": 60, "fields": {"created": "2018-11-30T02:12:56.982Z", "updated": "2018-11-30T02:12:56.982Z", "user": 466, "post": 160, "comment": ""}}, {"model": "blog.comment", "pk": 61, "fields": {"created": "2018-11-30T02:12:57.111Z", "updated": "2018-11-30T02:12:57.111Z", "user": 494, "post": 126, "comment": ""}}, {"model": "blog.comment", "pk": 62, "fields": {"created": "2018-11-30T02:12:57.243Z", "updated": "2018-11-30T02:12:57.243Z", "user": 485, "post": 154, "comment": ""}}, {"model": "blog.comment", "pk": 63, "fields": {"created": "2018-11-30T02:12:57.374Z", "updated": "2018-11-30T02:12:57.374Z", "user": 470, "post": 162, "comment": ""}}, {"model": "blog.comment", "pk": 64, "fields": {"created": "2018-11-30T02:12:57.612Z", "updated": "2018-11-30T02:12:57.612Z", "user": 468, "post": 139, "comment": ""}}, {"model": "blog.comment", "pk": 65, "fields": {"created": "2018-11-30T02:12:57.731Z", "updated": "2018-11-30T02:12:57.732Z", "user": 455, "post": 129, "comment": ""}}, {"model": "blog.comment", "pk": 66, "fields": {"created": "2018-11-30T02:12:57.852Z", "updated": "2018-11-30T02:12:57.852Z", "user": 471, "post": 146, "comment": ""}}, {"model": "blog.comment", "pk": 67, "fields": {"created": "2018-11-30T02:12:58.000Z", "updated": "2018-11-30T02:12:58.000Z", "user": 454, "post": 146, "comment": ""}}, {"model": "blog.comment", "pk": 68, "fields": {"created": "2018-11-30T02:12:58.154Z", "updated": "2018-11-30T02:12:58.154Z", "user": 480, "post": 149, "comment": ""}}, {"model": "blog.comment", "pk": 69, "fields": {"created": "2018-11-30T02:12:58.303Z", "updated": "2018-11-30T02:12:58.303Z", "user": 458, "post": 130, "comment": ""}}, {"model": "blog.comment", "pk": 70, "fields": {"created": "2018-11-30T02:12:58.578Z", "updated": "2018-11-30T02:12:58.578Z", "user": 490, "post": 150, "comment": ""}}, {"model": "blog.comment", "pk": 71, "fields": {"created": "2018-11-30T02:12:58.736Z", "updated": "2018-11-30T02:12:58.736Z", "user": 460, "post": 135, "comment": ""}}, {"model": "blog.comment", "pk": 72, "fields": {"created": "2018-11-30T02:12:58.877Z", "updated": "2018-11-30T02:12:58.877Z", "user": 445, "post": 161, "comment": ""}}, {"model": "blog.comment", "pk": 73, "fields": {"created": "2018-11-30T02:12:59.045Z", "updated": "2018-11-30T02:12:59.045Z", "user": 445, "post": 141, "comment": ""}}, {"model": "blog.comment", "pk": 74, "fields": {"created": "2018-11-30T02:12:59.235Z", "updated": "2018-11-30T02:12:59.235Z", "user": 459, "post": 153, "comment": ""}}, {"model": "blog.comment", "pk": 75, "fields": {"created": "2018-11-30T02:12:59.374Z", "updated": "2018-11-30T02:12:59.374Z", "user": 470, "post": 144, "comment": ""}}, {"model": "blog.comment", "pk": 76, "fields": {"created": "2018-11-30T02:12:59.669Z", "updated": "2018-11-30T02:12:59.669Z", "user": 450, "post": 143, "comment": ""}}, {"model": "blog.comment", "pk": 77, "fields": {"created": "2018-11-30T02:12:59.855Z", "updated": "2018-11-30T02:12:59.855Z", "user": 478, "post": 148, "comment": ""}}, {"model": "blog.comment", "pk": 78, "fields": {"created": "2018-11-30T02:12:59.995Z", "updated": "2018-11-30T02:12:59.995Z", "user": 488, "post": 142, "comment": ""}}, {"model": "blog.comment", "pk": 79, "fields": {"created": "2018-11-30T02:13:00.134Z", "updated": "2018-11-30T02:13:00.134Z", "user": 487, "post": 155, "comment": ""}}, {"model": "blog.comment", "pk": 80, "fields": {"created": "2018-11-30T02:13:00.263Z", "updated": "2018-11-30T02:13:00.263Z", "user": 461, "post": 169, "comment": ""}}, {"model": "blog.comment", "pk": 81, "fields": {"created": "2018-11-30T02:13:00.403Z", "updated": "2018-11-30T02:13:00.403Z", "user": 453, "post": 138, "comment": ""}}, {"model": "blog.comment", "pk": 82, "fields": {"created": "2018-11-30T02:13:00.660Z", "updated": "2018-11-30T02:13:00.660Z", "user": 490, "post": 124, "comment": ""}}, {"model": "blog.comment", "pk": 83, "fields": {"created": "2018-11-30T02:13:00.811Z", "updated": "2018-11-30T02:13:00.811Z", "user": 446, "post": 161, "comment": ""}}, {"model": "blog.comment", "pk": 84, "fields": {"created": "2018-11-30T02:13:00.942Z", "updated": "2018-11-30T02:13:00.942Z", "user": 447, "post": 150, "comment": ""}}, {"model": "blog.comment", "pk": 85, "fields": {"created": "2018-11-30T02:13:01.070Z", "updated": "2018-11-30T02:13:01.070Z", "user": 486, "post": 152, "comment": ""}}, {"model": "blog.comment", "pk": 86, "fields": {"created": "2018-11-30T02:13:01.209Z", "updated": "2018-11-30T02:13:01.209Z", "user": 449, "post": 123, "comment": ""}}, {"model": "blog.comment", "pk": 87, "fields": {"created": "2018-11-30T02:13:01.341Z", "updated": "2018-11-30T02:13:01.341Z", "user": 486, "post": 122, "comment": ""}}, {"model": "blog.comment", "pk": 88, "fields": {"created": "2018-11-30T02:13:01.611Z", "updated": "2018-11-30T02:13:01.611Z", "user": 466, "post": 155, "comment": ""}}, {"model": "blog.comment", "pk": 89, "fields": {"created": "2018-11-30T02:13:01.820Z", "updated": "2018-11-30T02:13:01.820Z", "user": 467, "post": 148, "comment": ""}}, {"model": "blog.comment", "pk": 90, "fields": {"created": "2018-11-30T02:13:01.945Z", "updated": "2018-11-30T02:13:01.945Z", "user": 471, "post": 134, "comment": ""}}, {"model": "blog.comment", "pk": 91, "fields": {"created": "2018-11-30T02:13:02.076Z", "updated": "2018-11-30T02:13:02.076Z", "user": 484, "post": 140, "comment": ""}}, {"model": "blog.comment", "pk": 92, "fields": {"created": "2018-11-30T02:13:02.195Z", "updated": "2018-11-30T02:13:02.195Z", "user": 456, "post": 159, "comment": ""}}, {"model": "blog.comment", "pk": 93, "fields": {"created": "2018-11-30T02:13:02.312Z", "updated": "2018-11-30T02:13:02.312Z", "user": 493, "post": 122, "comment": ""}}, {"model": "blog.comment", "pk": 94, "fields": {"created": "2018-11-30T02:13:02.536Z", "updated": "2018-11-30T02:13:02.536Z", "user": 494, "post": 163, "comment": ""}}, {"model": "blog.comment", "pk": 95, "fields": {"created": "2018-11-30T02:13:02.673Z", "updated": "2018-11-30T02:13:02.673Z", "user": 490, "post": 150, "comment": ""}}, {"model": "blog.comment", "pk": 96, "fields": {"created": "2018-11-30T02:13:02.804Z", "updated": "2018-11-30T02:13:02.805Z", "user": 480, "post": 161, "comment": ""}}, {"model": "blog.comment", "pk": 97, "fields": {"created": "2018-11-30T02:13:02.962Z", "updated": "2018-11-30T02:13:02.962Z", "user": 468, "post": 144, "comment": ""}}, {"model": "blog.comment", "pk": 98, "fields": {"created": "2018-11-30T02:13:03.126Z", "updated": "2018-11-30T02:13:03.126Z", "user": 479, "post": 141, "comment": ""}}, {"model": "blog.comment", "pk": 99, "fields": {"created": "2018-11-30T02:13:03.276Z", "updated": "2018-11-30T02:13:03.276Z", "user": 457, "post": 153, "comment": ""}}, {"model": "blog.comment", "pk": 100, "fields": {"created": "2018-11-30T02:13:03.511Z", "updated": "2018-11-30T02:13:03.511Z", "user": 454, "post": 144, "comment": ""}}, {"model": "blog.comment", "pk": 101, "fields": {"created": "2018-11-30T02:13:03.690Z", "updated": "2018-11-30T02:13:03.690Z", "user": 457, "post": 149, "comment": ""}}, {"model": "blog.comment", "pk": 102, "fields": {"created": "2018-11-30T02:13:03.836Z", "updated": "2018-11-30T02:13:03.836Z", "user": 460, "post": 138, "comment": ""}}, {"model": "blog.comment", "pk": 103, "fields": {"created": "2018-11-30T02:13:03.959Z", "updated": "2018-11-30T02:13:03.959Z", "user": 488, "post": 146, "comment": ""}}, {"model": "blog.comment", "pk": 104, "fields": {"created": "2018-11-30T02:13:04.066Z", "updated": "2018-11-30T02:13:04.066Z", "user": 453, "post": 166, "comment": ""}}, {"model": "blog.comment", "pk": 105, "fields": {"created": "2018-11-30T02:13:04.196Z", "updated": "2018-11-30T02:13:04.196Z", "user": 492, "post": 133, "comment": ""}}, {"model": "blog.favorite", "pk": 12, "fields": {"created": "2018-11-30T02:12:40.294Z", "updated": "2018-11-30T02:12:40.294Z", "user": 445, "post": 156}}, {"model": "blog.favorite", "pk": 13, "fields": {"created": "2018-11-30T02:12:40.449Z", "updated": "2018-11-30T02:12:40.449Z", "user": 446, "post": 159}}, {"model": "blog.favorite", "pk": 14, "fields": {"created": "2018-11-30T02:12:40.676Z", "updated": "2018-11-30T02:12:40.676Z", "user": 447, "post": 130}}, {"model": "blog.favorite", "pk": 15, "fields": {"created": "2018-11-30T02:12:40.831Z", "updated": "2018-11-30T02:12:40.831Z", "user": 448, "post": 141}}, {"model": "blog.favorite", "pk": 16, "fields": {"created": "2018-11-30T02:12:40.962Z", "updated": "2018-11-30T02:12:40.962Z", "user": 449, "post": 166}}, {"model": "blog.favorite", "pk": 17, "fields": {"created": "2018-11-30T02:12:41.127Z", "updated": "2018-11-30T02:12:41.127Z", "user": 450, "post": 168}}, {"model": "blog.favorite", "pk": 18, "fields": {"created": "2018-11-30T02:12:41.245Z", "updated": "2018-11-30T02:12:41.246Z", "user": 451, "post": 166}}, {"model": "blog.favorite", "pk": 19, "fields": {"created": "2018-11-30T02:12:41.367Z", "updated": "2018-11-30T02:12:41.367Z", "user": 452, "post": 166}}, {"model": "blog.favorite", "pk": 20, "fields": {"created": "2018-11-30T02:12:41.551Z", "updated": "2018-11-30T02:12:41.552Z", "user": 453, "post": 158}}, {"model": "blog.favorite", "pk": 21, "fields": {"created": "2018-11-30T02:12:41.667Z", "updated": "2018-11-30T02:12:41.667Z", "user": 454, "post": 167}}, {"model": "blog.favorite", "pk": 22, "fields": {"created": "2018-11-30T02:12:41.783Z", "updated": "2018-11-30T02:12:41.783Z", "user": 455, "post": 139}}, {"model": "blog.favorite", "pk": 23, "fields": {"created": "2018-11-30T02:12:41.910Z", "updated": "2018-11-30T02:12:41.911Z", "user": 456, "post": 153}}, {"model": "blog.favorite", "pk": 24, "fields": {"created": "2018-11-30T02:12:42.033Z", "updated": "2018-11-30T02:12:42.033Z", "user": 457, "post": 122}}, {"model": "blog.favorite", "pk": 25, "fields": {"created": "2018-11-30T02:12:42.166Z", "updated": "2018-11-30T02:12:42.166Z", "user": 458, "post": 154}}, {"model": "blog.favorite", "pk": 26, "fields": {"created": "2018-11-30T02:12:42.427Z", "updated": "2018-11-30T02:12:42.427Z", "user": 459, "post": 150}}, {"model": "blog.favorite", "pk": 27, "fields": {"created": "2018-11-30T02:12:42.593Z", "updated": "2018-11-30T02:12:42.593Z", "user": 460, "post": 155}}, {"model": "blog.favorite", "pk": 28, "fields": {"created": "2018-11-30T02:12:42.721Z", "updated": "2018-11-30T02:12:42.722Z", "user": 461, "post": 169}}, {"model": "blog.favorite", "pk": 29, "fields": {"created": "2018-11-30T02:12:42.871Z", "updated": "2018-11-30T02:12:42.871Z", "user": 462, "post": 148}}, {"model": "blog.favorite", "pk": 30, "fields": {"created": "2018-11-30T02:12:42.993Z", "updated": "2018-11-30T02:12:42.994Z", "user": 463, "post": 163}}, {"model": "blog.favorite", "pk": 31, "fields": {"created": "2018-11-30T02:12:43.127Z", "updated": "2018-11-30T02:12:43.127Z", "user": 464, "post": 164}}, {"model": "blog.favorite", "pk": 32, "fields": {"created": "2018-11-30T02:12:43.371Z", "updated": "2018-11-30T02:12:43.371Z", "user": 465, "post": 154}}, {"model": "blog.favorite", "pk": 33, "fields": {"created": "2018-11-30T02:12:43.511Z", "updated": "2018-11-30T02:12:43.511Z", "user": 466, "post": 163}}, {"model": "blog.favorite", "pk": 34, "fields": {"created": "2018-11-30T02:12:43.625Z", "updated": "2018-11-30T02:12:43.625Z", "user": 467, "post": 132}}, {"model": "blog.favorite", "pk": 35, "fields": {"created": "2018-11-30T02:12:43.778Z", "updated": "2018-11-30T02:12:43.778Z", "user": 468, "post": 156}}, {"model": "blog.favorite", "pk": 36, "fields": {"created": "2018-11-30T02:12:43.953Z", "updated": "2018-11-30T02:12:43.953Z", "user": 469, "post": 133}}, {"model": "blog.favorite", "pk": 37, "fields": {"created": "2018-11-30T02:12:44.081Z", "updated": "2018-11-30T02:12:44.081Z", "user": 470, "post": 163}}, {"model": "blog.favorite", "pk": 38, "fields": {"created": "2018-11-30T02:12:44.352Z", "updated": "2018-11-30T02:12:44.352Z", "user": 471, "post": 160}}, {"model": "blog.favorite", "pk": 39, "fields": {"created": "2018-11-30T02:12:44.567Z", "updated": "2018-11-30T02:12:44.567Z", "user": 472, "post": 155}}, {"model": "blog.favorite", "pk": 40, "fields": {"created": "2018-11-30T02:12:44.730Z", "updated": "2018-11-30T02:12:44.730Z", "user": 473, "post": 139}}, {"model": "blog.favorite", "pk": 41, "fields": {"created": "2018-11-30T02:12:44.886Z", "updated": "2018-11-30T02:12:44.886Z", "user": 474, "post": 130}}, {"model": "blog.favorite", "pk": 42, "fields": {"created": "2018-11-30T02:12:45.037Z", "updated": "2018-11-30T02:12:45.037Z", "user": 475, "post": 137}}, {"model": "blog.favorite", "pk": 43, "fields": {"created": "2018-11-30T02:12:45.186Z", "updated": "2018-11-30T02:12:45.186Z", "user": 476, "post": 152}}, {"model": "blog.favorite", "pk": 44, "fields": {"created": "2018-11-30T02:12:45.479Z", "updated": "2018-11-30T02:12:45.480Z", "user": 477, "post": 146}}, {"model": "blog.favorite", "pk": 45, "fields": {"created": "2018-11-30T02:12:45.620Z", "updated": "2018-11-30T02:12:45.620Z", "user": 478, "post": 132}}, {"model": "blog.favorite", "pk": 46, "fields": {"created": "2018-11-30T02:12:45.734Z", "updated": "2018-11-30T02:12:45.734Z", "user": 479, "post": 168}}, {"model": "blog.favorite", "pk": 47, "fields": {"created": "2018-11-30T02:12:45.862Z", "updated": "2018-11-30T02:12:45.862Z", "user": 480, "post": 169}}, {"model": "blog.favorite", "pk": 48, "fields": {"created": "2018-11-30T02:12:45.993Z", "updated": "2018-11-30T02:12:45.993Z", "user": 481, "post": 159}}, {"model": "blog.favorite", "pk": 49, "fields": {"created": "2018-11-30T02:12:46.124Z", "updated": "2018-11-30T02:12:46.125Z", "user": 482, "post": 129}}, {"model": "blog.favorite", "pk": 50, "fields": {"created": "2018-11-30T02:12:46.354Z", "updated": "2018-11-30T02:12:46.354Z", "user": 483, "post": 151}}, {"model": "blog.favorite", "pk": 51, "fields": {"created": "2018-11-30T02:12:46.495Z", "updated": "2018-11-30T02:12:46.495Z", "user": 484, "post": 153}}, {"model": "blog.favorite", "pk": 52, "fields": {"created": "2018-11-30T02:12:46.643Z", "updated": "2018-11-30T02:12:46.643Z", "user": 485, "post": 149}}, {"model": "blog.favorite", "pk": 53, "fields": {"created": "2018-11-30T02:12:46.755Z", "updated": "2018-11-30T02:12:46.755Z", "user": 486, "post": 142}}, {"model": "blog.favorite", "pk": 54, "fields": {"created": "2018-11-30T02:12:46.891Z", "updated": "2018-11-30T02:12:46.891Z", "user": 487, "post": 169}}, {"model": "blog.favorite", "pk": 55, "fields": {"created": "2018-11-30T02:12:47.024Z", "updated": "2018-11-30T02:12:47.024Z", "user": 488, "post": 128}}, {"model": "blog.favorite", "pk": 56, "fields": {"created": "2018-11-30T02:12:47.203Z", "updated": "2018-11-30T02:12:47.203Z", "user": 489, "post": 139}}, {"model": "blog.favorite", "pk": 57, "fields": {"created": "2018-11-30T02:12:47.441Z", "updated": "2018-11-30T02:12:47.442Z", "user": 490, "post": 155}}, {"model": "blog.favorite", "pk": 58, "fields": {"created": "2018-11-30T02:12:47.578Z", "updated": "2018-11-30T02:12:47.578Z", "user": 491, "post": 141}}, {"model": "blog.favorite", "pk": 59, "fields": {"created": "2018-11-30T02:12:47.732Z", "updated": "2018-11-30T02:12:47.732Z", "user": 492, "post": 169}}, {"model": "blog.favorite", "pk": 60, "fields": {"created": "2018-11-30T02:12:47.843Z", "updated": "2018-11-30T02:12:47.843Z", "user": 493, "post": 130}}, {"model": "blog.favorite", "pk": 61, "fields": {"created": "2018-11-30T02:12:47.954Z", "updated": "2018-11-30T02:12:47.954Z", "user": 494, "post": 130}}, {"model": "blog.favorite", "pk": 62, "fields": {"created": "2018-11-30T02:32:35.149Z", "updated": "2018-11-30T02:32:35.149Z", "user": 1, "post": 165}}, {"model": "blog.favorite", "pk": 63, "fields": {"created": "2018-11-30T02:32:46.082Z", "updated": "2018-11-30T02:32:46.082Z", "user": 1, "post": 161}}, {"model": "blog.vote", "pk": 114, "fields": {"created": "2018-11-30T02:12:32.753Z", "updated": "2018-11-30T02:12:32.753Z", "user": 445, "post": 157}}, {"model": "blog.vote", "pk": 115, "fields": {"created": "2018-11-30T02:12:32.878Z", "updated": "2018-11-30T02:12:32.878Z", "user": 446, "post": 151}}, {"model": "blog.vote", "pk": 116, "fields": {"created": "2018-11-30T02:12:33.027Z", "updated": "2018-11-30T02:12:33.027Z", "user": 447, "post": 163}}, {"model": "blog.vote", "pk": 117, "fields": {"created": "2018-11-30T02:12:33.168Z", "updated": "2018-11-30T02:12:33.168Z", "user": 448, "post": 143}}, {"model": "blog.vote", "pk": 118, "fields": {"created": "2018-11-30T02:12:33.312Z", "updated": "2018-11-30T02:12:33.312Z", "user": 449, "post": 159}}, {"model": "blog.vote", "pk": 119, "fields": {"created": "2018-11-30T02:12:33.536Z", "updated": "2018-11-30T02:12:33.536Z", "user": 450, "post": 142}}, {"model": "blog.vote", "pk": 120, "fields": {"created": "2018-11-30T02:12:33.698Z", "updated": "2018-11-30T02:12:33.698Z", "user": 451, "post": 141}}, {"model": "blog.vote", "pk": 121, "fields": {"created": "2018-11-30T02:12:33.851Z", "updated": "2018-11-30T02:12:33.851Z", "user": 452, "post": 147}}, {"model": "blog.vote", "pk": 122, "fields": {"created": "2018-11-30T02:12:33.969Z", "updated": "2018-11-30T02:12:33.970Z", "user": 453, "post": 154}}, {"model": "blog.vote", "pk": 123, "fields": {"created": "2018-11-30T02:12:34.078Z", "updated": "2018-11-30T02:12:34.078Z", "user": 454, "post": 158}}, {"model": "blog.vote", "pk": 124, "fields": {"created": "2018-11-30T02:12:34.204Z", "updated": "2018-11-30T02:12:34.204Z", "user": 455, "post": 157}}, {"model": "blog.vote", "pk": 125, "fields": {"created": "2018-11-30T02:12:34.394Z", "updated": "2018-11-30T02:12:34.394Z", "user": 456, "post": 167}}, {"model": "blog.vote", "pk": 126, "fields": {"created": "2018-11-30T02:12:34.508Z", "updated": "2018-11-30T02:12:34.508Z", "user": 457, "post": 162}}, {"model": "blog.vote", "pk": 127, "fields": {"created": "2018-11-30T02:12:34.615Z", "updated": "2018-11-30T02:12:34.615Z", "user": 458, "post": 131}}, {"model": "blog.vote", "pk": 128, "fields": {"created": "2018-11-30T02:12:34.748Z", "updated": "2018-11-30T02:12:34.748Z", "user": 459, "post": 163}}, {"model": "blog.vote", "pk": 129, "fields": {"created": "2018-11-30T02:12:34.878Z", "updated": "2018-11-30T02:12:34.878Z", "user": 460, "post": 158}}, {"model": "blog.vote", "pk": 130, "fields": {"created": "2018-11-30T02:12:35.019Z", "updated": "2018-11-30T02:12:35.019Z", "user": 461, "post": 162}}, {"model": "blog.vote", "pk": 131, "fields": {"created": "2018-11-30T02:12:35.261Z", "updated": "2018-11-30T02:12:35.261Z", "user": 462, "post": 127}}, {"model": "blog.vote", "pk": 132, "fields": {"created": "2018-11-30T02:12:35.395Z", "updated": "2018-11-30T02:12:35.396Z", "user": 463, "post": 146}}, {"model": "blog.vote", "pk": 133, "fields": {"created": "2018-11-30T02:12:35.570Z", "updated": "2018-11-30T02:12:35.570Z", "user": 464, "post": 169}}, {"model": "blog.vote", "pk": 134, "fields": {"created": "2018-11-30T02:12:35.693Z", "updated": "2018-11-30T02:12:35.693Z", "user": 465, "post": 152}}, {"model": "blog.vote", "pk": 135, "fields": {"created": "2018-11-30T02:12:35.842Z", "updated": "2018-11-30T02:12:35.842Z", "user": 466, "post": 135}}, {"model": "blog.vote", "pk": 136, "fields": {"created": "2018-11-30T02:12:35.999Z", "updated": "2018-11-30T02:12:35.999Z", "user": 467, "post": 140}}, {"model": "blog.vote", "pk": 137, "fields": {"created": "2018-11-30T02:12:36.167Z", "updated": "2018-11-30T02:12:36.167Z", "user": 468, "post": 130}}, {"model": "blog.vote", "pk": 138, "fields": {"created": "2018-11-30T02:12:36.304Z", "updated": "2018-11-30T02:12:36.304Z", "user": 469, "post": 156}}, {"model": "blog.vote", "pk": 139, "fields": {"created": "2018-11-30T02:12:36.466Z", "updated": "2018-11-30T02:12:36.466Z", "user": 470, "post": 140}}, {"model": "blog.vote", "pk": 140, "fields": {"created": "2018-11-30T02:12:36.589Z", "updated": "2018-11-30T02:12:36.589Z", "user": 471, "post": 165}}, {"model": "blog.vote", "pk": 141, "fields": {"created": "2018-11-30T02:12:36.708Z", "updated": "2018-11-30T02:12:36.709Z", "user": 472, "post": 128}}, {"model": "blog.vote", "pk": 142, "fields": {"created": "2018-11-30T02:12:36.838Z", "updated": "2018-11-30T02:12:36.838Z", "user": 473, "post": 142}}, {"model": "blog.vote", "pk": 143, "fields": {"created": "2018-11-30T02:12:37.087Z", "updated": "2018-11-30T02:12:37.087Z", "user": 474, "post": 160}}, {"model": "blog.vote", "pk": 144, "fields": {"created": "2018-11-30T02:12:37.243Z", "updated": "2018-11-30T02:12:37.243Z", "user": 475, "post": 170}}, {"model": "blog.vote", "pk": 145, "fields": {"created": "2018-11-30T02:12:37.365Z", "updated": "2018-11-30T02:12:37.365Z", "user": 476, "post": 151}}, {"model": "blog.vote", "pk": 146, "fields": {"created": "2018-11-30T02:12:37.625Z", "updated": "2018-11-30T02:12:37.625Z", "user": 477, "post": 133}}, {"model": "blog.vote", "pk": 147, "fields": {"created": "2018-11-30T02:12:37.758Z", "updated": "2018-11-30T02:12:37.758Z", "user": 478, "post": 146}}, {"model": "blog.vote", "pk": 148, "fields": {"created": "2018-11-30T02:12:37.881Z", "updated": "2018-11-30T02:12:37.881Z", "user": 479, "post": 136}}, {"model": "blog.vote", "pk": 149, "fields": {"created": "2018-11-30T02:12:38.020Z", "updated": "2018-11-30T02:12:38.020Z", "user": 480, "post": 137}}, {"model": "blog.vote", "pk": 150, "fields": {"created": "2018-11-30T02:12:38.146Z", "updated": "2018-11-30T02:12:38.147Z", "user": 481, "post": 164}}, {"model": "blog.vote", "pk": 151, "fields": {"created": "2018-11-30T02:12:38.267Z", "updated": "2018-11-30T02:12:38.268Z", "user": 482, "post": 136}}, {"model": "blog.vote", "pk": 152, "fields": {"created": "2018-11-30T02:12:38.512Z", "updated": "2018-11-30T02:12:38.512Z", "user": 483, "post": 157}}, {"model": "blog.vote", "pk": 153, "fields": {"created": "2018-11-30T02:12:38.642Z", "updated": "2018-11-30T02:12:38.642Z", "user": 484, "post": 127}}, {"model": "blog.vote", "pk": 154, "fields": {"created": "2018-11-30T02:12:38.749Z", "updated": "2018-11-30T02:12:38.749Z", "user": 485, "post": 161}}, {"model": "blog.vote", "pk": 155, "fields": {"created": "2018-11-30T02:12:38.865Z", "updated": "2018-11-30T02:12:38.865Z", "user": 486, "post": 160}}, {"model": "blog.vote", "pk": 156, "fields": {"created": "2018-11-30T02:12:38.991Z", "updated": "2018-11-30T02:12:38.991Z", "user": 487, "post": 169}}, {"model": "blog.vote", "pk": 157, "fields": {"created": "2018-11-30T02:12:39.126Z", "updated": "2018-11-30T02:12:39.126Z", "user": 488, "post": 130}}, {"model": "blog.vote", "pk": 158, "fields": {"created": "2018-11-30T02:12:39.377Z", "updated": "2018-11-30T02:12:39.377Z", "user": 489, "post": 146}}, {"model": "blog.vote", "pk": 159, "fields": {"created": "2018-11-30T02:12:39.582Z", "updated": "2018-11-30T02:12:39.582Z", "user": 490, "post": 167}}, {"model": "blog.vote", "pk": 160, "fields": {"created": "2018-11-30T02:12:39.822Z", "updated": "2018-11-30T02:12:39.822Z", "user": 491, "post": 149}}, {"model": "blog.vote", "pk": 161, "fields": {"created": "2018-11-30T02:12:39.964Z", "updated": "2018-11-30T02:12:39.964Z", "user": 492, "post": 132}}, {"model": "blog.vote", "pk": 162, "fields": {"created": "2018-11-30T02:12:40.073Z", "updated": "2018-11-30T02:12:40.073Z", "user": 493, "post": 125}}, {"model": "blog.vote", "pk": 163, "fields": {"created": "2018-11-30T02:12:40.177Z", "updated": "2018-11-30T02:12:40.177Z", "user": 494, "post": 141}}, {"model": "admin.logentry", "pk": 1, "fields": {"action_time": "2018-11-29T01:46:40.728Z", "user": 1, "content_type": 10, "object_id": "1", "object_repr": "This is the first comment evar!", "action_flag": 1, "change_message": "[{\"added\": {}}]"}}, {"model": "admin.logentry", "pk": 2, "fields": {"action_time": "2018-11-29T01:46:57.196Z", "user": 1, "content_type": 10, "object_id": "2", "object_repr": "I am circadian. I have spoken", "action_flag": 1, "change_message": "[{\"added\": {}}]"}}, {"model": "admin.logentry", "pk": 3, "fields": {"action_time": "2018-11-29T01:47:36.927Z", "user": 1, "content_type": 10, "object_id": "3", "object_repr": "I like to wash my hands with benzein...", "action_flag": 1, "change_message": "[{\"added\": {}}]"}}, {"model": "admin.logentry", "pk": 4, "fields": {"action_time": "2018-11-29T01:48:04.255Z", "user": 1, "content_type": 10, "object_id": "4", "object_repr": "so cardiac, much arrest", "action_flag": 1, "change_message": "[{\"added\": {}}]"}}, {"model": "admin.logentry", "pk": 5, "fields": {"action_time": "2018-11-29T01:48:26.187Z", "user": 1, "content_type": 9, "object_id": "1", "object_repr": "Favorite object (1)", "action_flag": 1, "change_message": "[{\"added\": {}}]"}}, {"model": "admin.logentry", "pk": 6, "fields": {"action_time": "2018-11-29T01:48:29.943Z", "user": 1, "content_type": 9, "object_id": "2", "object_repr": "Favorite object (2)", "action_flag": 1, "change_message": "[{\"added\": {}}]"}}, {"model": "admin.logentry", "pk": 7, "fields": {"action_time": "2018-11-29T01:48:35.442Z", "user": 1, "content_type": 9, "object_id": "3", "object_repr": "Favorite object (3)", "action_flag": 1, "change_message": "[{\"added\": {}}]"}}, {"model": "admin.logentry", "pk": 8, "fields": {"action_time": "2018-11-29T01:48:39.162Z", "user": 1, "content_type": 9, "object_id": "4", "object_repr": "Favorite object (4)", "action_flag": 1, "change_message": "[{\"added\": {}}]"}}, {"model": "admin.logentry", "pk": 9, "fields": {"action_time": "2018-11-29T01:48:44.993Z", "user": 1, "content_type": 9, "object_id": "5", "object_repr": "Favorite object (5)", "action_flag": 1, "change_message": "[{\"added\": {}}]"}}, {"model": "admin.logentry", "pk": 10, "fields": {"action_time": "2018-11-29T01:48:48.954Z", "user": 1, "content_type": 9, "object_id": "6", "object_repr": "Favorite object (6)", "action_flag": 1, "change_message": "[{\"added\": {}}]"}}, {"model": "admin.logentry", "pk": 11, "fields": {"action_time": "2018-11-29T01:48:53.511Z", "user": 1, "content_type": 9, "object_id": "7", "object_repr": "Favorite object (7)", "action_flag": 1, "change_message": "[{\"added\": {}}]"}}, {"model": "admin.logentry", "pk": 12, "fields": {"action_time": "2018-11-29T01:49:46.883Z", "user": 1, "content_type": 11, "object_id": "1", "object_repr": "Upload object (1)", "action_flag": 1, "change_message": "[{\"added\": {}}]"}}, {"model": "admin.logentry", "pk": 13, "fields": {"action_time": "2018-11-29T01:49:54.421Z", "user": 1, "content_type": 11, "object_id": "2", "object_repr": "Upload object (2)", "action_flag": 1, "change_message": "[{\"added\": {}}]"}}, {"model": "admin.logentry", "pk": 14, "fields": {"action_time": "2018-11-29T01:50:00.589Z", "user": 1, "content_type": 11, "object_id": "3", "object_repr": "Upload object (3)", "action_flag": 1, "change_message": "[{\"added\": {}}]"}}, {"model": "admin.logentry", "pk": 15, "fields": {"action_time": "2018-11-29T01:50:14.981Z", "user": 1, "content_type": 11, "object_id": "4", "object_repr": "Upload object (4)", "action_flag": 1, "change_message": "[{\"added\": {}}]"}}, {"model": "admin.logentry", "pk": 16, "fields": {"action_time": "2018-11-29T01:52:24.917Z", "user": 1, "content_type": 3, "object_id": "1", "object_repr": "Admin Privilages", "action_flag": 1, "change_message": "[{\"added\": {}}]"}}, {"model": "admin.logentry", "pk": 17, "fields": {"action_time": "2018-11-29T01:54:10.947Z", "user": 1, "content_type": 3, "object_id": "2", "object_repr": "View Only", "action_flag": 1, "change_message": "[{\"added\": {}}]"}}, {"model": "admin.logentry", "pk": 18, "fields": {"action_time": "2018-11-29T01:54:16.918Z", "user": 1, "content_type": 3, "object_id": "2", "object_repr": "View Only", "action_flag": 2, "change_message": "[]"}}]